episode_id,peak_date,trigger_date,decision_at,reference_close_peak,activation_depth_pct,return20,vol20,above_ma60,days_since_peak,vix_level,vix_change20,nasdaq_relative20,dxy_return20,us10y_vendor_change20,horizon,depth_pct,class_label,complete,label_available_at,metric,nfp_change_jobs,unemployment_pct,cpi_yoy_sa_pct,core_pce_yoy_sa_pct,industrial_production_mom_pct
c6ef3a4d0cb8e6bb8ebb3e4f,2000-03-24,2000-04-12,2000-04-13T00:00:00+00:00,1527.4599609375,3.9470702037,5.389546202780671,1.516441304546624,2.7933656021968734,19.0,28.98,29.722470904207697,-23.13027560179439,0.5503908200527929,-0.3080000877380371,1M,11.1885029208,MEDIUM,True,2000-05-14T00:00:00+00:00,CLOSING_ROLLING_PEAK_INCLUDING_KNOWN_ACTIVATION_DEPTH,416000.0,4.1,3.15533980582523,,0.28162850447499554
fdadd92e4314d860141d0fed,2007-06-04,2007-06-07,2007-06-08T00:00:00+00:00,1539.1800537109375,3.1484349665,-1.4452118887374854,0.736059507318733,1.0152987774656452,3.0,17.06,32.45341614906832,0.0882402201893062,0.329193225447133,0.430999755859375,1M,3.1484349665,LIMITED,True,2007-07-09T00:00:00+00:00,CLOSING_ROLLING_PEAK_INCLUDING_KNOWN_ACTIVATION_DEPTH,157000.0,4.5,2.5891434262948154,1.9952472761511908,0.7128836728165888
e30d57ac57796ef656deecfc,2007-07-19,2007-07-26,2007-07-27T00:00:00+00:00,1553.0799560546875,4.5342109787,-1.5720177501716617,0.9992094641916516,-2.35985692957581,7.0,20.74,33.54797166773986,1.341338204607645,-2.271626279779504,-0.2930002212524405,1M,9.425142879,MEDIUM,True,2007-08-28T00:00:00+00:00,CLOSING_ROLLING_PEAK_INCLUDING_KNOWN_ACTIVATION_DEPTH,132000.0,4.5,2.6600790513833905,1.9116488866614212,0.5462309708260005
b336de7cd22b7c9ef4678d55,2007-10-09,2007-10-19,2007-10-20T00:00:00+00:00,1565.1500244140625,4.1222897821,-1.6464030881328862,0.8154049594037988,0.6134622194938544,10.0,22.96,20.842105263157904,3.6657029585232648,-1.5139883398388676,-0.2309999465942382,1M,8.4260296346,MEDIUM,True,2007-11-21T00:00:00+00:00,CLOSING_ROLLING_PEAK_INCLUDING_KNOWN_ACTIVATION_DEPTH,110000.0,4.7,2.758756783423788,1.7630383976255715,0.05669678245761034
4e46e70036679cf60e2313fd,2013-04-11,2013-04-18,2013-04-19T00:00:00+00:00,1593.3699951171875,3.2484614323,-1.0970594924313293,0.9176889208273848,0.3513725053934768,7.0,17.56,38.59510655090765,-1.601917382483986,-0.2778397329435411,-0.252000093460083,1M,3.2484614323,LIMITED,True,2013-05-20T00:00:00+00:00,CLOSING_ROLLING_PEAK_INCLUDING_KNOWN_ACTIVATION_DEPTH,88000.0,7.6,1.4806726359467115,1.2590182486914792,0.40717409670234517
5771722bf6a0d26b4aab4048,2013-05-21,2013-06-05,2013-06-06T00:00:00+00:00,1669.1600341796875,3.6101996532,-1.0492224244932236,0.7066798012005558,0.8156843124462521,15.0,17.5,36.399064692127816,1.192013892023802,0.3280639526788365,0.3169999122619626,1M,5.7555936155,MEDIUM,True,2013-07-07T00:00:00+00:00,CLOSING_ROLLING_PEAK_INCLUDING_KNOWN_ACTIVATION_DEPTH,165000.0,7.5,1.1067870417687642,1.0532346201304499,-0.5346780196767154
ddea457cb21069ead679d301,2013-08-02,2013-08-16,2013-08-17T00:00:00+00:00,1709.6700439453125,3.1491508014,-2.142912640466277,0.5173213191998833,0.0833884421649777,14.0,14.37,14.59330143540669,2.565754627771899,-1.5984495828962664,0.3380000591278076,1M,4.6318916189,LIMITED,True,2013-09-18T00:00:00+00:00,CLOSING_ROLLING_PEAK_INCLUDING_KNOWN_ACTIVATION_DEPTH,162000.0,7.4,1.9586079113426136,1.2161219752190089,0.03811603653882667
0d25d30872cf717f96471ef3,2013-09-18,2013-10-08,2013-10-09T00:00:00+00:00,1725.52001953125,4.0608087745,-1.6947867403016903,0.6444163008565007,-1.487250249953076,20.0,20.34,39.98623537508603,0.7779254408939229,-2.1510659286177014,-0.3230001926422119,1M,4.0608087745,LIMITED,True,2013-11-10T00:00:00+00:00,CLOSING_ROLLING_PEAK_INCLUDING_KNOWN_ACTIVATION_DEPTH,169000.0,7.3,1.521567127194312,1.2333314256281147,0.4054298496211084
0b80f7153bf9c31ae073abf2,2014-01-15,2014-01-24,2014-01-25T00:00:00+00:00,1848.3800048828125,3.142750174,-2.347102987324279,0.7183531298396458,-0.7877942871970633,9.0,18.14,45.352564102564095,1.691332920464117,-0.0869237500127906,-0.2480001449584961,1M,5.761260669,MEDIUM,True,2014-02-26T00:00:00+00:00,CLOSING_ROLLING_PEAK_INCLUDING_KNOWN_ACTIVATION_DEPTH,74000.0,6.7,1.4904580400368683,1.1169626221529283,0.30734018655294015
a2832c3da971c220b477ba24,2014-04-02,2014-04-10,2014-04-11T00:00:00+00:00,1890.9000244140625,3.0578067382,-0.7181781259733344,0.8316780317739985,-0.3360162150158663,8.0,15.89,-2.0345252774352507,-4.124297926535792,-0.3014386898829491,-0.0250000953674316,1M,3.977475384,LIMITED,True,2014-05-12T00:00:00+00:00,CLOSING_ROLLING_PEAK_INCLUDING_KNOWN_ACTIVATION_DEPTH,192000.0,6.7,1.1049058680389967,1.104689720511609,0.6248731391681916
56c39857fc69e0d7576c7d73,2014-07-24,2014-08-01,2014-08-02T00:00:00+00:00,1987.97998046875,3.1604923929,-3.036602404073996,0.6633471623038348,-0.8607602757111588,8.0,17.03,65.01937984496125,0.0653114155938494,1.35893776303031,-0.1429998874664306,1M,3.9442064281,LIMITED,True,2014-09-03T00:00:00+00:00,CLOSING_ROLLING_PEAK_INCLUDING_KNOWN_ACTIVATION_DEPTH,209000.0,6.2,2.0754960061839745,1.4900740321591943,0.2190222407392861
64706d2ffe93348a84215c63,2014-09-18,2014-10-01,2014-10-02T00:00:00+00:00,2011.3599853515625,3.2415853774,-2.7270151406677434,0.6722529369402463,-1.4848094976521842,13.0,16.71,35.19417475728157,-0.5637063133009934,3.740796876284591,-0.0069999694824218,1M,7.40145952,MEDIUM,True,2014-11-03T00:00:00+00:00,CLOSING_ROLLING_PEAK_INCLUDING_KNOWN_ACTIVATION_DEPTH,142000.0,6.1,1.711411839799859,1.471058823529403,-0.09892696388253963
53375ae43a67a173aa80cbe8,2014-12-05,2014-12-12,2014-12-13T00:00:00+00:00,2075.3701171875,3.5193800146,-1.8143214093505835,0.6397151060843977,0.2715758161336845,7.0,21.08,52.86439448875997,1.2472435380219804,0.7870451189887939,-0.2439999580383296,1M,4.9451481499,LIMITED,True,2015-01-14T00:00:00+00:00,CLOSING_ROLLING_PEAK_INCLUDING_KNOWN_ACTIVATION_DEPTH,321000.0,5.8,1.6511108639672756,1.5523021589489927,-0.10517571203194631
9db368b159b52a4765487a68,2015-03-02,2015-03-10,2015-03-11T00:00:00+00:00,2117.389892578125,3.4584966451,-0.1260519688381145,0.675520779055703,-0.6490501035516405,8.0,16.69,-10.026954177897574,2.956775561721081,4.415040691451755,0.1779999732971191,1M,3.6436323142,LIMITED,True,2015-04-12T00:00:00+00:00,CLOSING_ROLLING_PEAK_INCLUDING_KNOWN_ACTIVATION_DEPTH,295000.0,5.5,-0.19181041815521382,1.3052190033894462,0.15024262344558448
1b469d30068cbda73bd2394c,2015-05-21,2015-06-29,2015-06-30T00:00:00+00:00,2130.820068359375,3.434366743,-2.5614111837640507,0.728564718844545,-2.192170006762628,39.0,18.85,34.93199713672155,0.1128243129367212,-2.669677061726572,0.1390001773834228,1M,3.9487151401,LIMITED,True,2015-07-31T00:00:00+00:00,CLOSING_ROLLING_PEAK_INCLUDING_KNOWN_ACTIVATION_DEPTH,280000.0,5.5,0.03418442709433034,1.2358431744790899,-0.17390907907971487
e6c1b04e54bca02a20d9e27f,2016-08-15,2016-11-01,2016-11-02T00:00:00+00:00,2190.14990234375,3.581030301,-1.8028458494254385,0.4345085594015523,-2.151448717444915,78.0,18.56,36.17021276595742,-0.7697216521788897,1.643772530703913,0.13700008392334,1M,4.7928212855,LIMITED,True,2016-12-03T00:00:00+00:00,CLOSING_ROLLING_PEAK_INCLUDING_KNOWN_ACTIVATION_DEPTH,156000.0,5.0,1.4792264062756688,1.697706367763585,0.05875305285469867
45603b6d45f93c1b047d204e,2018-01-26,2018-02-02,2018-02-03T00:00:00+00:00,2872.8701171875,3.8546899044,1.400148044407579,0.7566952481412204,2.5642658981696487,7.0,17.31,87.74403470715832,0.9033573048165876,-2.8851405224851967,0.4010000228881836,1M,10.159530549,MEDIUM,True,2018-03-04T00:00:00+00:00,CLOSING_ROLLING_PEAK_INCLUDING_KNOWN_ACTIVATION_DEPTH,200000.0,4.1,2.11760926773219,1.5239555111935088,0.893514345801405
d7241d0c4ebc604bea498f9b,2018-09-20,2018-10-10,2018-10-11T00:00:00+00:00,2930.75,4.9499298254,-3.5736535807946224,0.8313848499533156,-2.9041953375521845,20.0,22.96,74.73363774733637,-3.116876829917592,0.748944157823539,0.2619998455047603,1M,9.8780175723,MEDIUM,True,2018-11-12T00:00:00+00:00,CLOSING_ROLLING_PEAK_INCLUDING_KNOWN_ACTIVATION_DEPTH,134000.0,3.7,2.684476192806051,1.9586255389227203,0.41210715528239295
0a0a0429e9bd817251094c2c,2019-04-30,2019-05-13,2019-05-14T00:00:00+00:00,2945.830078125,4.5474435858,-3.2860792874080613,0.7666530390208344,-1.329101874712535,13.0,20.55,71.10741049125728,-0.9365331116535592,0.3609347939725227,-0.1549999713897705,1M,6.8361080447,MEDIUM,True,2019-06-15T00:00:00+00:00,CLOSING_ROLLING_PEAK_INCLUDING_KNOWN_ACTIVATION_DEPTH,263000.0,3.6,2.0011522027876927,1.5534903272381717,-0.1049510047381963
d4871f5b3e20d4d0a3fe81f0,2019-07-26,2019-08-02,2019-08-03T00:00:00+00:00,3025.860107421875,3.1002774505,-1.951567343491189,0.5521051239227754,0.5710321655132189,7.0,17.61,32.60542168674698,0.0191454839616245,0.874034420690073,-0.1930000782012939,1M,6.1225569983,MEDIUM,True,2019-09-04T00:00:00+00:00,CLOSING_ROLLING_PEAK_INCLUDING_KNOWN_ACTIVATION_DEPTH,164000.0,3.7,1.6608663104159538,1.6045068166512078,-0.03529888211084575
f4bf3f779aa472b28992758e,2020-01-17,2020-01-31,2020-02-01T00:00:00+00:00,3329.6201171875,3.1264857249,-0.9923746383622368,0.7413916269882054,1.0570331417367296,14.0,18.84,51.08259823576582,1.6385335640284993,0.5575641962159095,-0.361999988555908,1M,12.7557829422,MEDIUM,True,2020-03-02T00:00:00+00:00,CLOSING_ROLLING_PEAK_INCLUDING_KNOWN_ACTIVATION_DEPTH,145000.0,3.5,2.2862976460393147,1.583763491318635,-0.29547009629427023
046c025ac8e1090efba653d7,2020-09-02,2020-09-03,2020-09-04T00:00:00+00:00,3580.840087890625,3.5125843715,3.1619913430074758,1.0439879290012024,6.057606575889785,1.0,33.6,48.34437086092718,-0.0108652965589817,-0.0538884052855515,0.0859999656677246,1M,9.6044547529,MEDIUM,True,2020-10-05T00:00:00+00:00,CLOSING_ROLLING_PEAK_INCLUDING_KNOWN_ACTIVATION_DEPTH,1763000.0,10.2,1.0293376860207815,1.2547185807223027,3.028105633983902
66f9087e7cdf83d0a8b0aaba,2021-01-25,2021-01-29,2021-01-30T00:00:00+00:00,3855.360107421875,3.6603615033,-0.4769522470770782,1.0559007536179383,0.8173573735711814,4.0,33.09,45.32279314888012,2.0363184451151484,1.0599181153053916,0.1670000553131104,1M,3.6603615033,LIMITED,True,2021-03-01T00:00:00+00:00,CLOSING_ROLLING_PEAK_INCLUDING_KNOWN_ACTIVATION_DEPTH,-140000.0,6.7,1.288867220751877,1.4509591762525087,1.5719361080314576
bc57ec7319b53100ed8287bf,2021-05-07,2021-05-12,2021-05-13T00:00:00+00:00,4232.60009765625,4.0060495837,-1.4939441033494203,0.8615995474487427,1.0099699946489735,5.0,27.59,62.389640965273706,-4.467736545042578,-1.068822478830056,0.0570000410079956,1M,4.0060495837,LIMITED,True,2021-06-14T00:00:00+00:00,CLOSING_ROLLING_PEAK_INCLUDING_KNOWN_ACTIVATION_DEPTH,266000.0,6.1,4.153135148638509,1.8325325405041948,1.4403778493867536
8a513749a13484be4eee581a,2021-09-02,2021-09-20,2021-09-21T00:00:00+00:00,4536.9501953125,3.9502354473,-1.8898284402640964,0.6408520591930151,-1.3438005274660436,18.0,25.71,38.52370689655174,1.884665115953976,-0.2780771510486501,0.0490000247955322,1M,5.2125375901,MEDIUM,True,2021-10-22T00:00:00+00:00,CLOSING_ROLLING_PEAK_INCLUDING_KNOWN_ACTIVATION_DEPTH,235000.0,5.2,5.2024769662943005,3.617639292315822,0.4027181249839362
89dd49e0fabfabf05a972ad9,2021-11-18,2021-12-01,2021-12-02T00:00:00+00:00,4704.5400390625,4.0705360866,-2.5398133255922217,0.863968742981768,-0.2433350002065792,13.0,31.12,94.13599500935746,0.012273870521795,2.083119130782518,-0.1150000095367431,1M,4.0705360866,LIMITED,True,2022-01-03T00:00:00+00:00,CLOSING_ROLLING_PEAK_INCLUDING_KNOWN_ACTIVATION_DEPTH,531000.0,4.6,6.2435211278420555,4.12486748381331,1.6319361788528441
72b37f1cedcc60a6d6e1492d,2022-01-03,2022-01-18,2022-01-19T00:00:00+00:00,4796.56005859375,4.5751578763,-0.9420831778605532,0.9907047797748396,-1.909345860468603,15.0,22.79,5.656003708854884,-3.427022238525645,-0.8698315631615827,0.4630000591278076,1M,9.7997374624,MEDIUM,True,2022-02-20T00:00:00+00:00,CLOSING_ROLLING_PEAK_INCLUDING_KNOWN_ACTIVATION_DEPTH,199000.0,3.9,7.123413365958098,4.675206336411586,-0.10235595164563849
f60c7b2bf9b4d3db67eb12ec,2024-03-28,2024-04-15,2024-04-16T00:00:00+00:00,5254.35009765625,3.664207178,-1.080106490581878,0.7565320076383144,-0.2687474492623298,18.0,19.23,33.44899375433727,0.5282411372666274,2.6878069912929847,0.3239998817443847,1M,5.4644268435,MEDIUM,True,2024-05-17T00:00:00+00:00,CLOSING_ROLLING_PEAK_INCLUDING_KNOWN_ACTIVATION_DEPTH,303000.0,3.8,3.475131237075124,2.7841164544506025,0.10388837966408548
8556ec34f603711313e442d9,2024-07-16,2024-07-24,2024-07-25T00:00:00+00:00,5667.2001953125,4.2361360853,-0.7710296268428674,0.8401810321123995,0.8853989925442951,8.0,18.04,40.49844236760125,-1.34685974393709,-1.155194786149394,0.0479998588562011,1M,8.4851443502,MEDIUM,True,2024-08-26T00:00:00+00:00,CLOSING_ROLLING_PEAK_INCLUDING_KNOWN_ACTIVATION_DEPTH,206000.0,4.1,2.975628529981611,2.5726148053519804,0.6444513695196497
84825ee580603e81ef24440d,2024-12-06,2024-12-18,2024-12-19T00:00:00+00:00,6090.27001953125,3.5812839592,-0.7574780439801199,0.8013587156556238,-0.3057015691835363,12.0,27.62,68.92966360856268,2.8916156357411404,1.713586018748292,0.114999771118164,1M,4.3221397348,LIMITED,True,2025-01-20T00:00:00+00:00,CLOSING_ROLLING_PEAK_INCLUDING_KNOWN_ACTIVATION_DEPTH,227000.0,4.2,2.732579279536651,2.796173044925121,-0.14709295550094925
d28e948eb82473c31e070d5f,2025-02-19,2025-02-25,2025-02-26T00:00:00+00:00,6144.14990234375,3.07446767,-0.9485550771780592,0.6934935323167621,-0.975547954568956,6.0,19.43,8.547486033519558,-0.6823115566972571,-0.9595666242195322,-0.2300000190734872,1M,10.1337026718,MEDIUM,True,2025-03-27T00:00:00+00:00,CLOSING_ROLLING_PEAK_INCLUDING_KNOWN_ACTIVATION_DEPTH,143000.0,4.0,2.999412512831112,2.794371432364251,0.5124131776705454
c0880c39bf6ffc2ac7cfe112,2025-10-28,2025-11-17,2025-11-18T00:00:00+00:00,6890.89013671875,3.1705625272,-0.9312326214013456,0.8153670583018371,0.0668972837492232,20.0,22.38,22.76467361492045,-0.2973977697004248,1.0143016909877731,0.146999835968018,1M,5.1100854042,MEDIUM,True,2025-12-19T00:00:00+00:00,CLOSING_ROLLING_PEAK_INCLUDING_KNOWN_ACTIVATION_DEPTH,22000.0,4.3,3.022699626172387,2.905106880644537,0.09718800147178186
1889257964f271b4a34a5407,2026-01-27,2026-03-06,2026-03-07T00:00:00+00:00,6978.60009765625,3.4187383542,-0.8587297548114714,0.8551029191331136,-2.177735724110663,38.0,29.49,35.46164446485989,0.1803528475966875,1.1960725542786932,-0.0770001411437988,1M,9.097524918,MEDIUM,True,2026-04-08T00:00:00+00:00,CLOSING_ROLLING_PEAK_INCLUDING_KNOWN_ACTIVATION_DEPTH,-92000.0,4.4,2.391201432150014,2.9968759058262906,0.7001897085101128
d3b3785eebc31df710ed3347,2026-06-02,2026-06-10,2026-06-11T00:00:00+00:00,7609.77978515625,4.5045922544,-1.8101668873983456,0.9004778030940297,2.342290569561589,8.0,22.22,23.513062812673716,-1.7113456978387287,1.6888757933184897,0.0789999961853027,1M,4.5045922544,LIMITED,True,2026-07-12T00:00:00+00:00,CLOSING_ROLLING_PEAK_INCLUDING_KNOWN_ACTIVATION_DEPTH,172000.0,4.3,4.166614684049641,3.289190610508208,0.6780543386440963
17f463d364ce6f4f41d66723,2026-08-13,2026-09-16,2026-09-17T00:00:00+00:00,7798.990234375,3.1693869123,-1.819475793519898,0.5602897590636216,-0.4119030107634591,34.0,17.71,11.805555555555555,0.6354336762823709,0.6623141220358786,0.3000001907348633,1M,3.1693869123,LIMITED,False,,CLOSING_ROLLING_PEAK_INCLUDING_KNOWN_ACTIVATION_DEPTH,162000.0,4.1,3.353016322755642,3.3441430040338282,0.20148501558565624
c6ef3a4d0cb8e6bb8ebb3e4f,2000-03-24,2000-04-12,2000-04-13T00:00:00+00:00,1527.4599609375,3.9470702037,5.389546202780671,1.516441304546624,2.7933656021968734,19.0,28.98,29.722470904207697,-23.13027560179439,0.5503908200527929,-0.3080000877380371,3M,11.1885029208,MEDIUM,True,2000-07-14T00:00:00+00:00,CLOSING_ROLLING_PEAK_INCLUDING_KNOWN_ACTIVATION_DEPTH,416000.0,4.1,3.15533980582523,,0.28162850447499554
fdadd92e4314d860141d0fed,2007-06-04,2007-06-07,2007-06-08T00:00:00+00:00,1539.1800537109375,3.1484349665,-1.4452118887374854,0.736059507318733,1.0152987774656452,3.0,17.06,32.45341614906832,0.0882402201893062,0.329193225447133,0.430999755859375,3M,9.425142879,MEDIUM,True,2007-09-09T00:00:00+00:00,CLOSING_ROLLING_PEAK_INCLUDING_KNOWN_ACTIVATION_DEPTH,157000.0,4.5,2.5891434262948154,1.9952472761511908,0.7128836728165888
b336de7cd22b7c9ef4678d55,2007-10-09,2007-10-19,2007-10-20T00:00:00+00:00,1565.1500244140625,4.1222897821,-1.6464030881328862,0.8154049594037988,0.6134622194938544,10.0,22.96,20.842105263157904,3.6657029585232648,-1.5139883398388676,-0.2309999465942382,3M,15.3314429457,MEDIUM,True,2008-01-21T00:00:00+00:00,CLOSING_ROLLING_PEAK_INCLUDING_KNOWN_ACTIVATION_DEPTH,110000.0,4.7,2.758756783423788,1.7630383976255715,0.05669678245761034
4e46e70036679cf60e2313fd,2013-04-11,2013-04-18,2013-04-19T00:00:00+00:00,1593.3699951171875,3.2484614323,-1.0970594924313293,0.9176889208273848,0.3513725053934768,7.0,17.56,38.59510655090765,-1.601917382483986,-0.2778397329435411,-0.252000093460083,3M,5.7555936155,MEDIUM,True,2013-07-20T00:00:00+00:00,CLOSING_ROLLING_PEAK_INCLUDING_KNOWN_ACTIVATION_DEPTH,88000.0,7.6,1.4806726359467115,1.2590182486914792,0.40717409670234517
ddea457cb21069ead679d301,2013-08-02,2013-08-16,2013-08-17T00:00:00+00:00,1709.6700439453125,3.1491508014,-2.142912640466277,0.5173213191998833,0.0833884421649777,14.0,14.37,14.59330143540669,2.565754627771899,-1.5984495828962664,0.3380000591278076,3M,4.6318916189,LIMITED,True,2013-11-18T00:00:00+00:00,CLOSING_ROLLING_PEAK_INCLUDING_KNOWN_ACTIVATION_DEPTH,162000.0,7.4,1.9586079113426136,1.2161219752190089,0.03811603653882667
0b80f7153bf9c31ae073abf2,2014-01-15,2014-01-24,2014-01-25T00:00:00+00:00,1848.3800048828125,3.142750174,-2.347102987324279,0.7183531298396458,-0.7877942871970633,9.0,18.14,45.352564102564095,1.691332920464117,-0.0869237500127906,-0.2480001449584961,3M,5.761260669,MEDIUM,True,2014-04-26T00:00:00+00:00,CLOSING_ROLLING_PEAK_INCLUDING_KNOWN_ACTIVATION_DEPTH,74000.0,6.7,1.4904580400368683,1.1169626221529283,0.30734018655294015
56c39857fc69e0d7576c7d73,2014-07-24,2014-08-01,2014-08-02T00:00:00+00:00,1987.97998046875,3.1604923929,-3.036602404073996,0.6633471623038348,-0.8607602757111588,8.0,17.03,65.01937984496125,0.0653114155938494,1.35893776303031,-0.1429998874664306,3M,7.40145952,MEDIUM,True,2014-11-03T00:00:00+00:00,CLOSING_ROLLING_PEAK_INCLUDING_KNOWN_ACTIVATION_DEPTH,209000.0,6.2,2.0754960061839745,1.4900740321591943,0.2190222407392861
53375ae43a67a173aa80cbe8,2014-12-05,2014-12-12,2014-12-13T00:00:00+00:00,2075.3701171875,3.5193800146,-1.8143214093505835,0.6397151060843977,0.2715758161336845,7.0,21.08,52.86439448875997,1.2472435380219804,0.7870451189887939,-0.2439999580383296,3M,4.9451481499,LIMITED,True,2015-03-14T00:00:00+00:00,CLOSING_ROLLING_PEAK_INCLUDING_KNOWN_ACTIVATION_DEPTH,321000.0,5.8,1.6511108639672756,1.5523021589489927,-0.10517571203194631
1b469d30068cbda73bd2394c,2015-05-21,2015-06-29,2015-06-30T00:00:00+00:00,2130.820068359375,3.434366743,-2.5614111837640507,0.728564718844545,-2.192170006762628,39.0,18.85,34.93199713672155,0.1128243129367212,-2.669677061726572,0.1390001773834228,3M,12.3525250638,MEDIUM,True,2015-10-01T00:00:00+00:00,CLOSING_ROLLING_PEAK_INCLUDING_KNOWN_ACTIVATION_DEPTH,280000.0,5.5,0.03418442709433034,1.2358431744790899,-0.17390907907971487
e6c1b04e54bca02a20d9e27f,2016-08-15,2016-11-01,2016-11-02T00:00:00+00:00,2190.14990234375,3.581030301,-1.8028458494254385,0.4345085594015523,-2.151448717444915,78.0,18.56,36.17021276595742,-0.7697216521788897,1.643772530703913,0.13700008392334,3M,4.7928212855,LIMITED,True,2017-02-03T00:00:00+00:00,CLOSING_ROLLING_PEAK_INCLUDING_KNOWN_ACTIVATION_DEPTH,156000.0,5.0,1.4792264062756688,1.697706367763585,0.05875305285469867
45603b6d45f93c1b047d204e,2018-01-26,2018-02-02,2018-02-03T00:00:00+00:00,2872.8701171875,3.8546899044,1.400148044407579,0.7566952481412204,2.5642658981696487,7.0,17.31,87.74403470715832,0.9033573048165876,-2.8851405224851967,0.4010000228881836,3M,10.159530549,MEDIUM,True,2018-05-04T00:00:00+00:00,CLOSING_ROLLING_PEAK_INCLUDING_KNOWN_ACTIVATION_DEPTH,200000.0,4.1,2.11760926773219,1.5239555111935088,0.893514345801405
d7241d0c4ebc604bea498f9b,2018-09-20,2018-10-10,2018-10-11T00:00:00+00:00,2930.75,4.9499298254,-3.5736535807946224,0.8313848499533156,-2.9041953375521845,20.0,22.96,74.73363774733637,-3.116876829917592,0.748944157823539,0.2619998455047603,3M,19.7782104357,MEDIUM,True,2019-01-12T00:00:00+00:00,CLOSING_ROLLING_PEAK_INCLUDING_KNOWN_ACTIVATION_DEPTH,134000.0,3.7,2.684476192806051,1.9586255389227203,0.41210715528239295
0a0a0429e9bd817251094c2c,2019-04-30,2019-05-13,2019-05-14T00:00:00+00:00,2945.830078125,4.5474435858,-3.2860792874080613,0.7666530390208344,-1.329101874712535,13.0,20.55,71.10741049125728,-0.9365331116535592,0.3609347939725227,-0.1549999713897705,3M,6.8361080447,MEDIUM,True,2019-08-15T00:00:00+00:00,CLOSING_ROLLING_PEAK_INCLUDING_KNOWN_ACTIVATION_DEPTH,263000.0,3.6,2.0011522027876927,1.5534903272381717,-0.1049510047381963
f4bf3f779aa472b28992758e,2020-01-17,2020-01-31,2020-02-01T00:00:00+00:00,3329.6201171875,3.1264857249,-0.9923746383622368,0.7413916269882054,1.0570331417367296,14.0,18.84,51.08259823576582,1.6385335640284993,0.5575641962159095,-0.361999988555908,3M,33.9249600027,CRASH,True,2020-05-02T00:00:00+00:00,CLOSING_ROLLING_PEAK_INCLUDING_KNOWN_ACTIVATION_DEPTH,145000.0,3.5,2.2862976460393147,1.583763491318635,-0.29547009629427023
046c025ac8e1090efba653d7,2020-09-02,2020-09-03,2020-09-04T00:00:00+00:00,3580.840087890625,3.5125843715,3.1619913430074758,1.0439879290012024,6.057606575889785,1.0,33.6,48.34437086092718,-0.0108652965589817,-0.0538884052855515,0.0859999656677246,3M,9.6044547529,MEDIUM,True,2020-12-05T00:00:00+00:00,CLOSING_ROLLING_PEAK_INCLUDING_KNOWN_ACTIVATION_DEPTH,1763000.0,10.2,1.0293376860207815,1.2547185807223027,3.028105633983902
66f9087e7cdf83d0a8b0aaba,2021-01-25,2021-01-29,2021-01-30T00:00:00+00:00,3855.360107421875,3.6603615033,-0.4769522470770782,1.0559007536179383,0.8173573735711814,4.0,33.09,45.32279314888012,2.0363184451151484,1.0599181153053916,0.1670000553131104,3M,4.2278854263,LIMITED,True,2021-05-01T00:00:00+00:00,CLOSING_ROLLING_PEAK_INCLUDING_KNOWN_ACTIVATION_DEPTH,-140000.0,6.7,1.288867220751877,1.4509591762525087,1.5719361080314576
bc57ec7319b53100ed8287bf,2021-05-07,2021-05-12,2021-05-13T00:00:00+00:00,4232.60009765625,4.0060495837,-1.4939441033494203,0.8615995474487427,1.0099699946489735,5.0,27.59,62.389640965273706,-4.467736545042578,-1.068822478830056,0.0570000410079956,3M,4.0060495837,LIMITED,True,2021-08-14T00:00:00+00:00,CLOSING_ROLLING_PEAK_INCLUDING_KNOWN_ACTIVATION_DEPTH,266000.0,6.1,4.153135148638509,1.8325325405041948,1.4403778493867536
8a513749a13484be4eee581a,2021-09-02,2021-09-20,2021-09-21T00:00:00+00:00,4536.9501953125,3.9502354473,-1.8898284402640964,0.6408520591930151,-1.3438005274660436,18.0,25.71,38.52370689655174,1.884665115953976,-0.2780771510486501,0.0490000247955322,3M,5.2125375901,MEDIUM,True,2021-12-22T00:00:00+00:00,CLOSING_ROLLING_PEAK_INCLUDING_KNOWN_ACTIVATION_DEPTH,235000.0,5.2,5.2024769662943005,3.617639292315822,0.4027181249839362
72b37f1cedcc60a6d6e1492d,2022-01-03,2022-01-18,2022-01-19T00:00:00+00:00,4796.56005859375,4.5751578763,-0.9420831778605532,0.9907047797748396,-1.909345860468603,15.0,22.79,5.656003708854884,-3.427022238525645,-0.8698315631615827,0.4630000591278076,3M,13.0480981294,MEDIUM,True,2022-04-20T00:00:00+00:00,CLOSING_ROLLING_PEAK_INCLUDING_KNOWN_ACTIVATION_DEPTH,199000.0,3.9,7.123413365958098,4.675206336411586,-0.10235595164563849
f60c7b2bf9b4d3db67eb12ec,2024-03-28,2024-04-15,2024-04-16T00:00:00+00:00,5254.35009765625,3.664207178,-1.080106490581878,0.7565320076383144,-0.2687474492623298,18.0,19.23,33.44899375433727,0.5282411372666274,2.6878069912929847,0.3239998817443847,3M,5.4644268435,MEDIUM,True,2024-07-17T00:00:00+00:00,CLOSING_ROLLING_PEAK_INCLUDING_KNOWN_ACTIVATION_DEPTH,303000.0,3.8,3.475131237075124,2.7841164544506025,0.10388837966408548
8556ec34f603711313e442d9,2024-07-16,2024-07-24,2024-07-25T00:00:00+00:00,5667.2001953125,4.2361360853,-0.7710296268428674,0.8401810321123995,0.8853989925442951,8.0,18.04,40.49844236760125,-1.34685974393709,-1.155194786149394,0.0479998588562011,3M,8.4851443502,MEDIUM,True,2024-10-26T00:00:00+00:00,CLOSING_ROLLING_PEAK_INCLUDING_KNOWN_ACTIVATION_DEPTH,206000.0,4.1,2.975628529981611,2.5726148053519804,0.6444513695196497
84825ee580603e81ef24440d,2024-12-06,2024-12-18,2024-12-19T00:00:00+00:00,6090.27001953125,3.5812839592,-0.7574780439801199,0.8013587156556238,-0.3057015691835363,12.0,27.62,68.92966360856268,2.8916156357411404,1.713586018748292,0.114999771118164,3M,10.1337026718,MEDIUM,True,2025-03-20T00:00:00+00:00,CLOSING_ROLLING_PEAK_INCLUDING_KNOWN_ACTIVATION_DEPTH,227000.0,4.2,2.732579279536651,2.796173044925121,-0.14709295550094925
c0880c39bf6ffc2ac7cfe112,2025-10-28,2025-11-17,2025-11-18T00:00:00+00:00,6890.89013671875,3.1705625272,-0.9312326214013456,0.8153670583018371,0.0668972837492232,20.0,22.38,22.76467361492045,-0.2973977697004248,1.0143016909877731,0.146999835968018,3M,5.1100854042,MEDIUM,True,2026-02-19T00:00:00+00:00,CLOSING_ROLLING_PEAK_INCLUDING_KNOWN_ACTIVATION_DEPTH,22000.0,4.3,3.022699626172387,2.905106880644537,0.09718800147178186
1889257964f271b4a34a5407,2026-01-27,2026-03-06,2026-03-07T00:00:00+00:00,6978.60009765625,3.4187383542,-0.8587297548114714,0.8551029191331136,-2.177735724110663,38.0,29.49,35.46164446485989,0.1803528475966875,1.1960725542786932,-0.0770001411437988,3M,9.097524918,MEDIUM,True,2026-06-08T00:00:00+00:00,CLOSING_ROLLING_PEAK_INCLUDING_KNOWN_ACTIVATION_DEPTH,-92000.0,4.4,2.391201432150014,2.9968759058262906,0.7001897085101128
d3b3785eebc31df710ed3347,2026-06-02,2026-06-10,2026-06-11T00:00:00+00:00,7609.77978515625,4.5045922544,-1.8101668873983456,0.9004778030940297,2.342290569561589,8.0,22.22,23.513062812673716,-1.7113456978387287,1.6888757933184897,0.0789999961853027,3M,4.5045922544,LIMITED,True,2026-09-12T00:00:00+00:00,CLOSING_ROLLING_PEAK_INCLUDING_KNOWN_ACTIVATION_DEPTH,172000.0,4.3,4.166614684049641,3.289190610508208,0.6780543386440963
17f463d364ce6f4f41d66723,2026-08-13,2026-09-16,2026-09-17T00:00:00+00:00,7798.990234375,3.1693869123,-1.819475793519898,0.5602897590636216,-0.4119030107634591,34.0,17.71,11.805555555555555,0.6354336762823709,0.6623141220358786,0.3000001907348633,3M,3.1693869123,LIMITED,False,,CLOSING_ROLLING_PEAK_INCLUDING_KNOWN_ACTIVATION_DEPTH,162000.0,4.1,3.353016322755642,3.3441430040338282,0.20148501558565624
c6ef3a4d0cb8e6bb8ebb3e4f,2000-03-24,2000-04-12,2000-04-13T00:00:00+00:00,1527.4599609375,3.9470702037,5.389546202780671,1.516441304546624,2.7933656021968734,19.0,28.98,29.722470904207697,-23.13027560179439,0.5503908200527929,-0.3080000877380371,UNTIL_RECOVERY,49.1469478985,CRASH,True,2007-05-31T00:00:00+00:00,ORIGINAL_CLOSING_PEAK_UNTIL_RECOVERY,416000.0,4.1,3.15533980582523,,0.28162850447499554
fdadd92e4314d860141d0fed,2007-06-04,2007-06-07,2007-06-08T00:00:00+00:00,1539.1800537109375,3.1484349665,-1.4452118887374854,0.736059507318733,1.0152987774656452,3.0,17.06,32.45341614906832,0.0882402201893062,0.329193225447133,0.430999755859375,UNTIL_RECOVERY,3.1484349665,LIMITED,True,2007-07-13T00:00:00+00:00,ORIGINAL_CLOSING_PEAK_UNTIL_RECOVERY,157000.0,4.5,2.5891434262948154,1.9952472761511908,0.7128836728165888
e30d57ac57796ef656deecfc,2007-07-19,2007-07-26,2007-07-27T00:00:00+00:00,1553.0799560546875,4.5342109787,-1.5720177501716617,0.9992094641916516,-2.35985692957581,7.0,20.74,33.54797166773986,1.341338204607645,-2.271626279779504,-0.2930002212524405,UNTIL_RECOVERY,9.425142879,MEDIUM,True,2007-10-06T00:00:00+00:00,ORIGINAL_CLOSING_PEAK_UNTIL_RECOVERY,132000.0,4.5,2.6600790513833905,1.9116488866614212,0.5462309708260005
b336de7cd22b7c9ef4678d55,2007-10-09,2007-10-19,2007-10-20T00:00:00+00:00,1565.1500244140625,4.1222897821,-1.6464030881328862,0.8154049594037988,0.6134622194938544,10.0,22.96,20.842105263157904,3.6657029585232648,-1.5139883398388676,-0.2309999465942382,UNTIL_RECOVERY,56.7753877428,CRASH,True,2013-03-29T00:00:00+00:00,ORIGINAL_CLOSING_PEAK_UNTIL_RECOVERY,110000.0,4.7,2.758756783423788,1.7630383976255715,0.05669678245761034
4e46e70036679cf60e2313fd,2013-04-11,2013-04-18,2013-04-19T00:00:00+00:00,1593.3699951171875,3.2484614323,-1.0970594924313293,0.9176889208273848,0.3513725053934768,7.0,17.56,38.59510655090765,-1.601917382483986,-0.2778397329435411,-0.252000093460083,UNTIL_RECOVERY,3.2484614323,LIMITED,True,2013-04-30T00:00:00+00:00,ORIGINAL_CLOSING_PEAK_UNTIL_RECOVERY,88000.0,7.6,1.4806726359467115,1.2590182486914792,0.40717409670234517
5771722bf6a0d26b4aab4048,2013-05-21,2013-06-05,2013-06-06T00:00:00+00:00,1669.1600341796875,3.6101996532,-1.0492224244932236,0.7066798012005558,0.8156843124462521,15.0,17.5,36.399064692127816,1.192013892023802,0.3280639526788365,0.3169999122619626,UNTIL_RECOVERY,5.7555936155,MEDIUM,True,2013-07-12T00:00:00+00:00,ORIGINAL_CLOSING_PEAK_UNTIL_RECOVERY,165000.0,7.5,1.1067870417687642,1.0532346201304499,-0.5346780196767154
ddea457cb21069ead679d301,2013-08-02,2013-08-16,2013-08-17T00:00:00+00:00,1709.6700439453125,3.1491508014,-2.142912640466277,0.5173213191998833,0.0833884421649777,14.0,14.37,14.59330143540669,2.565754627771899,-1.5984495828962664,0.3380000591278076,UNTIL_RECOVERY,4.6318916189,LIMITED,True,2013-09-19T00:00:00+00:00,ORIGINAL_CLOSING_PEAK_UNTIL_RECOVERY,162000.0,7.4,1.9586079113426136,1.2161219752190089,0.03811603653882667
0d25d30872cf717f96471ef3,2013-09-18,2013-10-08,2013-10-09T00:00:00+00:00,1725.52001953125,4.0608087745,-1.6947867403016903,0.6444163008565007,-1.487250249953076,20.0,20.34,39.98623537508603,0.7779254408939229,-2.1510659286177014,-0.3230001926422119,UNTIL_RECOVERY,4.0608087745,LIMITED,True,2013-10-18T00:00:00+00:00,ORIGINAL_CLOSING_PEAK_UNTIL_RECOVERY,169000.0,7.3,1.521567127194312,1.2333314256281147,0.4054298496211084
0b80f7153bf9c31ae073abf2,2014-01-15,2014-01-24,2014-01-25T00:00:00+00:00,1848.3800048828125,3.142750174,-2.347102987324279,0.7183531298396458,-0.7877942871970633,9.0,18.14,45.352564102564095,1.691332920464117,-0.0869237500127906,-0.2480001449584961,UNTIL_RECOVERY,5.761260669,MEDIUM,True,2014-02-28T00:00:00+00:00,ORIGINAL_CLOSING_PEAK_UNTIL_RECOVERY,74000.0,6.7,1.4904580400368683,1.1169626221529283,0.30734018655294015
a2832c3da971c220b477ba24,2014-04-02,2014-04-10,2014-04-11T00:00:00+00:00,1890.9000244140625,3.0578067382,-0.7181781259733344,0.8316780317739985,-0.3360162150158663,8.0,15.89,-2.0345252774352507,-4.124297926535792,-0.3014386898829491,-0.0250000953674316,UNTIL_RECOVERY,3.977475384,LIMITED,True,2014-05-13T00:00:00+00:00,ORIGINAL_CLOSING_PEAK_UNTIL_RECOVERY,192000.0,6.7,1.1049058680389967,1.104689720511609,0.6248731391681916
56c39857fc69e0d7576c7d73,2014-07-24,2014-08-01,2014-08-02T00:00:00+00:00,1987.97998046875,3.1604923929,-3.036602404073996,0.6633471623038348,-0.8607602757111588,8.0,17.03,65.01937984496125,0.0653114155938494,1.35893776303031,-0.1429998874664306,UNTIL_RECOVERY,3.9442064281,LIMITED,True,2014-08-22T00:00:00+00:00,ORIGINAL_CLOSING_PEAK_UNTIL_RECOVERY,209000.0,6.2,2.0754960061839745,1.4900740321591943,0.2190222407392861
64706d2ffe93348a84215c63,2014-09-18,2014-10-01,2014-10-02T00:00:00+00:00,2011.3599853515625,3.2415853774,-2.7270151406677434,0.6722529369402463,-1.4848094976521842,13.0,16.71,35.19417475728157,-0.5637063133009934,3.740796876284591,-0.0069999694824218,UNTIL_RECOVERY,7.40145952,MEDIUM,True,2014-11-01T00:00:00+00:00,ORIGINAL_CLOSING_PEAK_UNTIL_RECOVERY,142000.0,6.1,1.711411839799859,1.471058823529403,-0.09892696388253963
53375ae43a67a173aa80cbe8,2014-12-05,2014-12-12,2014-12-13T00:00:00+00:00,2075.3701171875,3.5193800146,-1.8143214093505835,0.6397151060843977,0.2715758161336845,7.0,21.08,52.86439448875997,1.2472435380219804,0.7870451189887939,-0.2439999580383296,UNTIL_RECOVERY,4.9451481499,LIMITED,True,2014-12-23T00:00:00+00:00,ORIGINAL_CLOSING_PEAK_UNTIL_RECOVERY,321000.0,5.8,1.6511108639672756,1.5523021589489927,-0.10517571203194631
70e00c882621d0b950bca62d,2014-12-29,2015-01-05,2015-01-06T00:00:00+00:00,2090.570068359375,3.3478960291,-2.4778933431873207,1.074922431333571,0.2373069239260505,7.0,19.92,60.904684975767374,0.0274983571244225,3.021420966609045,-0.2179999351501464,UNTIL_RECOVERY,4.6829343774,LIMITED,True,2015-02-14T00:00:00+00:00,ORIGINAL_CLOSING_PEAK_UNTIL_RECOVERY,321000.0,5.8,1.2814432152730593,1.4125062137142486,1.2596015185849962
9db368b159b52a4765487a68,2015-03-02,2015-03-10,2015-03-11T00:00:00+00:00,2117.389892578125,3.4584966451,-0.1260519688381145,0.675520779055703,-0.6490501035516405,8.0,16.69,-10.026954177897574,2.956775561721081,4.415040691451755,0.1779999732971191,UNTIL_RECOVERY,3.6436323142,LIMITED,True,2015-04-25T00:00:00+00:00,ORIGINAL_CLOSING_PEAK_UNTIL_RECOVERY,295000.0,5.5,-0.19181041815521382,1.3052190033894462,0.15024262344558448
1b469d30068cbda73bd2394c,2015-05-21,2015-06-29,2015-06-30T00:00:00+00:00,2130.820068359375,3.434366743,-2.5614111837640507,0.728564718844545,-2.192170006762628,39.0,18.85,34.93199713672155,0.1128243129367212,-2.669677061726572,0.1390001773834228,UNTIL_RECOVERY,14.1607504446,MEDIUM,True,2016-07-12T00:00:00+00:00,ORIGINAL_CLOSING_PEAK_UNTIL_RECOVERY,280000.0,5.5,0.03418442709433034,1.2358431744790899,-0.17390907907971487
e6c1b04e54bca02a20d9e27f,2016-08-15,2016-11-01,2016-11-02T00:00:00+00:00,2190.14990234375,3.581030301,-1.8028458494254385,0.4345085594015523,-2.151448717444915,78.0,18.56,36.17021276595742,-0.7697216521788897,1.643772530703913,0.13700008392334,UNTIL_RECOVERY,4.7928212855,LIMITED,True,2016-11-22T00:00:00+00:00,ORIGINAL_CLOSING_PEAK_UNTIL_RECOVERY,156000.0,5.0,1.4792264062756688,1.697706367763585,0.05875305285469867
45603b6d45f93c1b047d204e,2018-01-26,2018-02-02,2018-02-03T00:00:00+00:00,2872.8701171875,3.8546899044,1.400148044407579,0.7566952481412204,2.5642658981696487,7.0,17.31,87.74403470715832,0.9033573048165876,-2.8851405224851967,0.4010000228881836,UNTIL_RECOVERY,10.159530549,MEDIUM,True,2018-08-25T00:00:00+00:00,ORIGINAL_CLOSING_PEAK_UNTIL_RECOVERY,200000.0,4.1,2.11760926773219,1.5239555111935088,0.893514345801405
d7241d0c4ebc604bea498f9b,2018-09-20,2018-10-10,2018-10-11T00:00:00+00:00,2930.75,4.9499298254,-3.5736535807946224,0.8313848499533156,-2.9041953375521845,20.0,22.96,74.73363774733637,-3.116876829917592,0.748944157823539,0.2619998455047603,UNTIL_RECOVERY,19.7782104357,MEDIUM,True,2019-04-24T00:00:00+00:00,ORIGINAL_CLOSING_PEAK_UNTIL_RECOVERY,134000.0,3.7,2.684476192806051,1.9586255389227203,0.41210715528239295
0a0a0429e9bd817251094c2c,2019-04-30,2019-05-13,2019-05-14T00:00:00+00:00,2945.830078125,4.5474435858,-3.2860792874080613,0.7666530390208344,-1.329101874712535,13.0,20.55,71.10741049125728,-0.9365331116535592,0.3609347939725227,-0.1549999713897705,UNTIL_RECOVERY,6.8361080447,MEDIUM,True,2019-06-21T00:00:00+00:00,ORIGINAL_CLOSING_PEAK_UNTIL_RECOVERY,263000.0,3.6,2.0011522027876927,1.5534903272381717,-0.1049510047381963
d4871f5b3e20d4d0a3fe81f0,2019-07-26,2019-08-02,2019-08-03T00:00:00+00:00,3025.860107421875,3.1002774505,-1.951567343491189,0.5521051239227754,0.5710321655132189,7.0,17.61,32.60542168674698,0.0191454839616245,0.874034420690073,-0.1930000782012939,UNTIL_RECOVERY,6.1225569983,MEDIUM,True,2019-10-29T00:00:00+00:00,ORIGINAL_CLOSING_PEAK_UNTIL_RECOVERY,164000.0,3.7,1.6608663104159538,1.6045068166512078,-0.03529888211084575
f4bf3f779aa472b28992758e,2020-01-17,2020-01-31,2020-02-01T00:00:00+00:00,3329.6201171875,3.1264857249,-0.9923746383622368,0.7413916269882054,1.0570331417367296,14.0,18.84,51.08259823576582,1.6385335640284993,0.5575641962159095,-0.361999988555908,UNTIL_RECOVERY,3.1264857249,LIMITED,True,2020-02-06T00:00:00+00:00,ORIGINAL_CLOSING_PEAK_UNTIL_RECOVERY,145000.0,3.5,2.2862976460393147,1.583763491318635,-0.29547009629427023
1c3ce1c99ba47e1c3924a0e0,2020-02-19,2020-02-24,2020-02-25T00:00:00+00:00,3386.14990234375,4.7328090719,-2.1113855912379687,1.1424049622660737,-0.7828181604203843,5.0,25.03,71.90934065934067,1.1062241753795776,1.4716427837115242,-0.3040000200271604,UNTIL_RECOVERY,33.9249600027,CRASH,True,2020-08-19T00:00:00+00:00,ORIGINAL_CLOSING_PEAK_UNTIL_RECOVERY,225000.0,3.6,2.482676697683628,1.583763491318635,-0.3086524004319857
046c025ac8e1090efba653d7,2020-09-02,2020-09-03,2020-09-04T00:00:00+00:00,3580.840087890625,3.5125843715,3.1619913430074758,1.0439879290012024,6.057606575889785,1.0,33.6,48.34437086092718,-0.0108652965589817,-0.0538884052855515,0.0859999656677246,UNTIL_RECOVERY,9.6044547529,MEDIUM,True,2020-11-14T00:00:00+00:00,ORIGINAL_CLOSING_PEAK_UNTIL_RECOVERY,1763000.0,10.2,1.0293376860207815,1.2547185807223027,3.028105633983902
66f9087e7cdf83d0a8b0aaba,2021-01-25,2021-01-29,2021-01-30T00:00:00+00:00,3855.360107421875,3.6603615033,-0.4769522470770782,1.0559007536179383,0.8173573735711814,4.0,33.09,45.32279314888012,2.0363184451151484,1.0599181153053916,0.1670000553131104,UNTIL_RECOVERY,3.6603615033,LIMITED,True,2021-02-05T00:00:00+00:00,ORIGINAL_CLOSING_PEAK_UNTIL_RECOVERY,-140000.0,6.7,1.288867220751877,1.4509591762525087,1.5719361080314576
44301ef42e8bf1b282621964,2021-02-12,2021-02-26,2021-02-27T00:00:00+00:00,3934.830078125,3.1432151662,0.6276111788817484,0.9925008224466192,0.6628463905795856,14.0,27.95,-7.480966567361802,-1.7133786524554997,0.519568013995042,0.4029999971389773,UNTIL_RECOVERY,4.2278854263,LIMITED,True,2021-03-12T00:00:00+00:00,ORIGINAL_CLOSING_PEAK_UNTIL_RECOVERY,49000.0,6.3,1.3699953998461467,1.5281233122913962,0.928641849524614
bc57ec7319b53100ed8287bf,2021-05-07,2021-05-12,2021-05-13T00:00:00+00:00,4232.60009765625,4.0060495837,-1.4939441033494203,0.8615995474487427,1.0099699946489735,5.0,27.59,62.389640965273706,-4.467736545042578,-1.068822478830056,0.0570000410079956,UNTIL_RECOVERY,4.0060495837,LIMITED,True,2021-06-11T00:00:00+00:00,ORIGINAL_CLOSING_PEAK_UNTIL_RECOVERY,266000.0,6.1,4.153135148638509,1.8325325405041948,1.4403778493867536
8a513749a13484be4eee581a,2021-09-02,2021-09-20,2021-09-21T00:00:00+00:00,4536.9501953125,3.9502354473,-1.8898284402640964,0.6408520591930151,-1.3438005274660436,18.0,25.71,38.52370689655174,1.884665115953976,-0.2780771510486501,0.0490000247955322,UNTIL_RECOVERY,5.2125375901,MEDIUM,True,2021-10-22T00:00:00+00:00,ORIGINAL_CLOSING_PEAK_UNTIL_RECOVERY,235000.0,5.2,5.2024769662943005,3.617639292315822,0.4027181249839362
89dd49e0fabfabf05a972ad9,2021-11-18,2021-12-01,2021-12-02T00:00:00+00:00,4704.5400390625,4.0705360866,-2.5398133255922217,0.863968742981768,-0.2433350002065792,13.0,31.12,94.13599500935746,0.012273870521795,2.083119130782518,-0.1150000095367431,UNTIL_RECOVERY,4.0705360866,LIMITED,True,2021-12-11T00:00:00+00:00,ORIGINAL_CLOSING_PEAK_UNTIL_RECOVERY,531000.0,4.6,6.2435211278420555,4.12486748381331,1.6319361788528441
fab68ab76303e4ce901b27d6,2021-12-10,2021-12-20,2021-12-21T00:00:00+00:00,4712.02001953125,3.0560141808,-2.765880137052501,1.2317573914578994,0.0257590453532019,10.0,22.87,27.694025683975436,-3.9381771173635514,0.4996391781600495,-0.1169999837875366,UNTIL_RECOVERY,3.0560141808,LIMITED,True,2021-12-24T00:00:00+00:00,ORIGINAL_CLOSING_PEAK_UNTIL_RECOVERY,210000.0,4.2,6.880468483522195,4.12486748381331,0.5151285856074495
72b37f1cedcc60a6d6e1492d,2022-01-03,2022-01-18,2022-01-19T00:00:00+00:00,4796.56005859375,4.5751578763,-0.9420831778605532,0.9907047797748396,-1.909345860468603,15.0,22.79,5.656003708854884,-3.427022238525645,-0.8698315631615827,0.4630000591278076,UNTIL_RECOVERY,25.4250966192,CRASH,True,2024-01-20T00:00:00+00:00,ORIGINAL_CLOSING_PEAK_UNTIL_RECOVERY,199000.0,3.9,7.123413365958098,4.675206336411586,-0.10235595164563849
f60c7b2bf9b4d3db67eb12ec,2024-03-28,2024-04-15,2024-04-16T00:00:00+00:00,5254.35009765625,3.664207178,-1.080106490581878,0.7565320076383144,-0.2687474492623298,18.0,19.23,33.44899375433727,0.5282411372666274,2.6878069912929847,0.3239998817443847,UNTIL_RECOVERY,5.4644268435,MEDIUM,True,2024-05-16T00:00:00+00:00,ORIGINAL_CLOSING_PEAK_UNTIL_RECOVERY,303000.0,3.8,3.475131237075124,2.7841164544506025,0.10388837966408548
8556ec34f603711313e442d9,2024-07-16,2024-07-24,2024-07-25T00:00:00+00:00,5667.2001953125,4.2361360853,-0.7710296268428674,0.8401810321123995,0.8853989925442951,8.0,18.04,40.49844236760125,-1.34685974393709,-1.155194786149394,0.0479998588562011,UNTIL_RECOVERY,8.4851443502,MEDIUM,True,2024-09-20T00:00:00+00:00,ORIGINAL_CLOSING_PEAK_UNTIL_RECOVERY,206000.0,4.1,2.975628529981611,2.5726148053519804,0.6444513695196497
84825ee580603e81ef24440d,2024-12-06,2024-12-18,2024-12-19T00:00:00+00:00,6090.27001953125,3.5812839592,-0.7574780439801199,0.8013587156556238,-0.3057015691835363,12.0,27.62,68.92966360856268,2.8916156357411404,1.713586018748292,0.114999771118164,UNTIL_RECOVERY,4.3221397348,LIMITED,True,2025-01-24T00:00:00+00:00,ORIGINAL_CLOSING_PEAK_UNTIL_RECOVERY,227000.0,4.2,2.732579279536651,2.796173044925121,-0.14709295550094925
d28e948eb82473c31e070d5f,2025-02-19,2025-02-25,2025-02-26T00:00:00+00:00,6144.14990234375,3.07446767,-0.9485550771780592,0.6934935323167621,-0.975547954568956,6.0,19.43,8.547486033519558,-0.6823115566972571,-0.9595666242195322,-0.2300000190734872,UNTIL_RECOVERY,18.9022061843,MEDIUM,True,2025-06-28T00:00:00+00:00,ORIGINAL_CLOSING_PEAK_UNTIL_RECOVERY,143000.0,4.0,2.999412512831112,2.794371432364251,0.5124131776705454
c0880c39bf6ffc2ac7cfe112,2025-10-28,2025-11-17,2025-11-18T00:00:00+00:00,6890.89013671875,3.1705625272,-0.9312326214013456,0.8153670583018371,0.0668972837492232,20.0,22.38,22.76467361492045,-0.2973977697004248,1.0143016909877731,0.146999835968018,UNTIL_RECOVERY,5.1100854042,MEDIUM,True,2025-12-12T00:00:00+00:00,ORIGINAL_CLOSING_PEAK_UNTIL_RECOVERY,22000.0,4.3,3.022699626172387,2.905106880644537,0.09718800147178186
1889257964f271b4a34a5407,2026-01-27,2026-03-06,2026-03-07T00:00:00+00:00,6978.60009765625,3.4187383542,-0.8587297548114714,0.8551029191331136,-2.177735724110663,38.0,29.49,35.46164446485989,0.1803528475966875,1.1960725542786932,-0.0770001411437988,UNTIL_RECOVERY,9.097524918,MEDIUM,True,2026-04-16T00:00:00+00:00,ORIGINAL_CLOSING_PEAK_UNTIL_RECOVERY,-92000.0,4.4,2.391201432150014,2.9968759058262906,0.7001897085101128
d3b3785eebc31df710ed3347,2026-06-02,2026-06-10,2026-06-11T00:00:00+00:00,7609.77978515625,4.5045922544,-1.8101668873983456,0.9004778030940297,2.342290569561589,8.0,22.22,23.513062812673716,-1.7113456978387287,1.6888757933184897,0.0789999961853027,UNTIL_RECOVERY,4.5045922544,LIMITED,True,2026-08-05T00:00:00+00:00,ORIGINAL_CLOSING_PEAK_UNTIL_RECOVERY,172000.0,4.3,4.166614684049641,3.289190610508208,0.6780543386440963
17f463d364ce6f4f41d66723,2026-08-13,2026-09-16,2026-09-17T00:00:00+00:00,7798.990234375,3.1693869123,-1.819475793519898,0.5602897590636216,-0.4119030107634591,34.0,17.71,11.805555555555555,0.6354336762823709,0.6623141220358786,0.3000001907348633,UNTIL_RECOVERY,3.1693869123,LIMITED,False,,ORIGINAL_CLOSING_PEAK_UNTIL_RECOVERY,162000.0,4.1,3.353016322755642,3.3441430040338282,0.20148501558565624
