episode_id,peak_date,decision_at,reference_close_peak,return20,vol20,above_ma60,vix_level,vix_change20,nasdaq_relative20,dxy_return20,us10y_vendor_change20,horizon,depth_pct,class_label,complete,label_available_at,nfp_change_jobs,unemployment_pct,cpi_yoy_sa_pct,core_pce_yoy_sa_pct,industrial_production_mom_pct,effective_fed_rate_pct,gdp_saar_pct
6e967b106bb9ad58b4741d2e,2007-05-30,2007-05-31T00:00:00+00:00,1530.22998046875,2.955657013889068,0.5831161494691184,4.600498565923106,12.83,-5.0333086602516675,-0.5436746203517862,1.017159125705036,0.23599958419799805,1M,3.1484349665,LIMITED,True,2007-07-01T00:00:00+00:00,,,,,,,
6e967b106bb9ad58b4741d2e,2007-05-30,2007-05-31T00:00:00+00:00,1530.22998046875,2.955657013889068,0.5831161494691184,4.600498565923106,12.83,-5.0333086602516675,-0.5436746203517862,1.017159125705036,0.23599958419799805,3M,9.425142879,MEDIUM,True,2007-09-01T00:00:00+00:00,,,,,,,
6e967b106bb9ad58b4741d2e,2007-05-30,2007-05-31T00:00:00+00:00,1530.22998046875,2.955657013889068,0.5831161494691184,4.600498565923106,12.83,-5.0333086602516675,-0.5436746203517862,1.017159125705036,0.23599958419799805,UNTIL_RECOVERY,0.0,NO_MEANINGFUL_PULLBACK,True,2007-06-01T00:00:00+00:00,,,,,,,
cf9a66bf3d0fb9785a32dddd,2007-10-05,2007-10-06T00:00:00+00:00,1557.5899658203125,7.157642564565703,0.8495834246397694,4.58148754971901,16.91,-35.53183377811666,1.207330786642924,-2.063533697812814,0.2719998359680176,1M,4.1222897821,LIMITED,True,2007-11-07T00:00:00+00:00,,,,,,,
cf9a66bf3d0fb9785a32dddd,2007-10-05,2007-10-06T00:00:00+00:00,1557.5899658203125,7.157642564565703,0.8495834246397694,4.58148754971901,16.91,-35.53183377811666,1.207330786642924,-2.063533697812814,0.2719998359680176,3M,10.0904099446,MEDIUM,True,2008-01-07T00:00:00+00:00,,,,,,,
cf9a66bf3d0fb9785a32dddd,2007-10-05,2007-10-06T00:00:00+00:00,1557.5899658203125,7.157642564565703,0.8495834246397694,4.58148754971901,16.91,-35.53183377811666,1.207330786642924,-2.063533697812814,0.2719998359680176,UNTIL_RECOVERY,0.3216513894,NO_MEANINGFUL_PULLBACK,True,2007-10-10T00:00:00+00:00,,,,,,,
a9ac459b4b09d1b4937ccfd1,2013-03-28,2013-03-29T00:00:00+00:00,1569.18994140625,3.5987723982872977,0.47081269123939834,3.6466759653473124,12.7,-18.117343649258544,-0.2024550846121853,1.2320010557190564,-0.03600001335144043,1M,3.2484614323,LIMITED,True,2013-04-30T00:00:00+00:00,,,,,,,
a9ac459b4b09d1b4937ccfd1,2013-03-28,2013-03-29T00:00:00+00:00,1569.18994140625,3.5987723982872977,0.47081269123939834,3.6466759653473124,12.7,-18.117343649258544,-0.2024550846121853,1.2320010557190564,-0.03600001335144043,3M,5.7555936155,MEDIUM,True,2013-06-30T00:00:00+00:00,,,,,,,
a9ac459b4b09d1b4937ccfd1,2013-03-28,2013-03-29T00:00:00+00:00,1569.18994140625,3.5987723982872977,0.47081269123939834,3.6466759653473124,12.7,-18.117343649258544,-0.2024550846121853,1.2320010557190564,-0.03600001335144043,UNTIL_RECOVERY,0.4473580461,NO_MEANINGFUL_PULLBACK,True,2013-04-03T00:00:00+00:00,,,,,,,
f5bae1fddd966de4680a0898,2013-07-11,2013-07-12T00:00:00+00:00,1675.02001953125,3.875920871864169,1.0010308950200129,3.315228909968515,14.01,-24.636901559978487,1.3548917242854674,2.210969535288254,0.34399986267089844,1M,1.1815188149,NO_MEANINGFUL_PULLBACK,True,2013-08-13T00:00:00+00:00,,,,,,,
f5bae1fddd966de4680a0898,2013-07-11,2013-07-12T00:00:00+00:00,1675.02001953125,3.875920871864169,1.0010308950200129,3.315228909968515,14.01,-24.636901559978487,1.3548917242854674,2.210969535288254,0.34399986267089844,3M,4.6318916189,LIMITED,True,2013-10-13T00:00:00+00:00,,,,,,,
f5bae1fddd966de4680a0898,2013-07-11,2013-07-12T00:00:00+00:00,1675.02001953125,3.875920871864169,1.0010308950200129,3.315228909968515,14.01,-24.636901559978487,1.3548917242854674,2.210969535288254,0.34399986267089844,UNTIL_RECOVERY,0.0,NO_MEANINGFUL_PULLBACK,True,2013-07-13T00:00:00+00:00,,,,,,,
fb0950793a9e24b4a8031365,2013-10-17,2013-10-18T00:00:00+00:00,1733.1500244140625,0.6276379116942454,0.8553620705949281,3.031733403404635,13.48,2.4316109422492405,1.3191191254096069,-0.8835229953709112,-0.16100001335143999,1M,1.3995839296,NO_MEANINGFUL_PULLBACK,True,2013-11-19T00:00:00+00:00,,,,,,,
fb0950793a9e24b4a8031365,2013-10-17,2013-10-18T00:00:00+00:00,1733.1500244140625,0.6276379116942454,0.8553620705949281,3.031733403404635,13.48,2.4316109422492405,1.3191191254096069,-0.8835229953709112,-0.16100001335143999,3M,1.8276154171,NO_MEANINGFUL_PULLBACK,True,2014-01-19T00:00:00+00:00,,,,,,,
fb0950793a9e24b4a8031365,2013-10-17,2013-10-18T00:00:00+00:00,1733.1500244140625,0.6276379116942454,0.8553620705949281,3.031733403404635,13.48,2.4316109422492405,1.3191191254096069,-0.8835229953709112,-0.16100001335143999,UNTIL_RECOVERY,0.0,NO_MEANINGFUL_PULLBACK,True,2013-10-19T00:00:00+00:00,,,,,,,
82e2c565d22ffb1a089b4ac4,2014-02-27,2014-02-28T00:00:00+00:00,1854.2900390625,4.514152299334961,0.8315933794045246,2.1675738743359707,14.04,-19.077809798270906,2.088460818851212,-0.27325948933756283,-0.03299999237060547,1M,1.9653486301,NO_MEANINGFUL_PULLBACK,True,2014-03-29T00:00:00+00:00,,,,,,,
82e2c565d22ffb1a089b4ac4,2014-02-27,2014-02-28T00:00:00+00:00,1854.2900390625,4.514152299334961,0.8315933794045246,2.1675738743359707,14.04,-19.077809798270906,2.088460818851212,-0.27325948933756283,-0.03299999237060547,3M,3.977475384,LIMITED,True,2014-05-29T00:00:00+00:00,,,,,,,
82e2c565d22ffb1a089b4ac4,2014-02-27,2014-02-28T00:00:00+00:00,1854.2900390625,4.514152299334961,0.8315933794045246,2.1675738743359707,14.04,-19.077809798270906,2.088460818851212,-0.27325948933756283,-0.03299999237060547,UNTIL_RECOVERY,0.0,NO_MEANINGFUL_PULLBACK,True,2014-03-01T00:00:00+00:00,,,,,,,
40905d3dc8331afebf808676,2014-05-29,2014-05-30T00:00:00+00:00,1920.030029296875,1.915129332525911,0.5297894994950036,2.5607574737273264,11.57,-13.721103653989564,1.3267758728714218,1.2580199105223455,-0.20099997520446777,1M,1.0844236814,NO_MEANINGFUL_PULLBACK,True,2014-07-01T00:00:00+00:00,,,,,,,
40905d3dc8331afebf808676,2014-05-29,2014-05-30T00:00:00+00:00,1920.030029296875,1.915129332525911,0.5297894994950036,2.5607574737273264,11.57,-13.721103653989564,1.3267758728714218,1.2580199105223455,-0.20099997520446777,3M,3.9442064281,LIMITED,True,2014-08-31T00:00:00+00:00,,,,,,,
40905d3dc8331afebf808676,2014-05-29,2014-05-30T00:00:00+00:00,1920.030029296875,1.915129332525911,0.5297894994950036,2.5607574737273264,11.57,-13.721103653989564,1.3267758728714218,1.2580199105223455,-0.20099997520446777,UNTIL_RECOVERY,0.0,NO_MEANINGFUL_PULLBACK,True,2014-05-31T00:00:00+00:00,,,,,,,
b0aa0871df14be042e9f816c,2014-09-05,2014-09-06T00:00:00+00:00,2007.7099609375,5.139377839453152,0.37255837015083043,2.100246468685718,12.09,-27.43097238895559,0.5799160705959316,2.7477988044723345,0.03699994087219283,1M,3.2415853774,LIMITED,True,2014-10-07T00:00:00+00:00,,,,,,,
b0aa0871df14be042e9f816c,2014-09-05,2014-09-06T00:00:00+00:00,2007.7099609375,5.139377839453152,0.37255837015083043,2.100246468685718,12.09,-27.43097238895559,0.5799160705959316,2.7477988044723345,0.03699994087219283,3M,7.40145952,MEDIUM,True,2014-12-07T00:00:00+00:00,,,,,,,
b0aa0871df14be042e9f816c,2014-09-05,2014-09-06T00:00:00+00:00,2007.7099609375,5.139377839453152,0.37255837015083043,2.100246468685718,12.09,-27.43097238895559,0.5799160705959316,2.7477988044723345,0.03699994087219283,UNTIL_RECOVERY,1.1744702429,NO_MEANINGFUL_PULLBACK,True,2014-09-19T00:00:00+00:00,,,,,,,
b08af542ebbe3f681bb0e877,2014-12-22,2014-12-23T00:00:00+00:00,2078.5400390625,0.7288606281802723,0.9916420539234012,3.870314526100671,15.25,18.217054263565878,0.72350813102946,1.6532659096768043,-0.1530001163482666,1M,4.6829343774,LIMITED,True,2015-01-24T00:00:00+00:00,,,,,,,
b08af542ebbe3f681bb0e877,2014-12-22,2014-12-23T00:00:00+00:00,2078.5400390625,0.7288606281802723,0.9916420539234012,3.870314526100671,15.25,18.217054263565878,0.72350813102946,1.6532659096768043,-0.1530001163482666,3M,4.6829343774,LIMITED,True,2015-03-24T00:00:00+00:00,,,,,,,
b08af542ebbe3f681bb0e877,2014-12-22,2014-12-23T00:00:00+00:00,2078.5400390625,0.7288606281802723,0.9916420539234012,3.870314526100671,15.25,18.217054263565878,0.72350813102946,1.6532659096768043,-0.1530001163482666,UNTIL_RECOVERY,0.0,NO_MEANINGFUL_PULLBACK,True,2014-12-24T00:00:00+00:00,,,,,,,
08b3da3469591c600688104d,2015-04-24,2015-04-25T00:00:00+00:00,2117.68994140625,2.9929743445432644,0.5717842659075033,1.7192388944609283,12.29,-22.215189873417728,1.709951642295704,-0.5336661118965025,-0.08999991416931152,1M,1.7726881697,NO_MEANINGFUL_PULLBACK,True,2015-05-26T00:00:00+00:00,,,,,,,
08b3da3469591c600688104d,2015-04-24,2015-04-25T00:00:00+00:00,2117.68994140625,2.9929743445432644,0.5717842659075033,1.7192388944609283,12.29,-22.215189873417728,1.709951642295704,-0.5336661118965025,-0.08999991416931152,3M,3.9487151401,LIMITED,True,2015-07-26T00:00:00+00:00,,,,,,,
08b3da3469591c600688104d,2015-04-24,2015-04-25T00:00:00+00:00,2117.68994140625,2.9929743445432644,0.5717842659075033,1.7192388944609283,12.29,-22.215189873417728,1.709951642295704,-0.5336661118965025,-0.08999991416931152,UNTIL_RECOVERY,1.7726881697,NO_MEANINGFUL_PULLBACK,True,2015-05-15T00:00:00+00:00,,,,,,,
0f655aa6bda32c65507959a3,2016-07-11,2016-07-12T00:00:00+00:00,2137.159912109375,1.9603277757866966,1.2618663443371754,2.702449157793785,13.54,-20.493247210804476,-0.03797871845072631,2.0824537552630584,-0.20500004291534424,1M,0.8275747809,NO_MEANINGFUL_PULLBACK,True,2016-08-13T00:00:00+00:00,,,,,,,
0f655aa6bda32c65507959a3,2016-07-11,2016-07-12T00:00:00+00:00,2137.159912109375,1.9603277757866966,1.2618663443371754,2.702449157793785,13.54,-20.493247210804476,-0.03797871845072631,2.0824537552630584,-0.20500004291534424,3M,2.9395194705,NO_MEANINGFUL_PULLBACK,True,2016-10-13T00:00:00+00:00,,,,,,,
0f655aa6bda32c65507959a3,2016-07-11,2016-07-12T00:00:00+00:00,2137.159912109375,1.9603277757866966,1.2618663443371754,2.702449157793785,13.54,-20.493247210804476,-0.03797871845072631,2.0824537552630584,-0.20500004291534424,UNTIL_RECOVERY,0.0,NO_MEANINGFUL_PULLBACK,True,2016-07-13T00:00:00+00:00,,,,,,,
a5fa51c0a2c24784d3baa82d,2016-11-21,2016-11-22T00:00:00+00:00,2198.179931640625,2.1777157300035155,0.6886759076718424,2.1768491675608015,12.42,-4.608294930875578,-1.0660081181265157,2.4120856663414125,0.5759999752044682,1M,1.0061679603,NO_MEANINGFUL_PULLBACK,True,2016-12-23T00:00:00+00:00,,,,,,,
a5fa51c0a2c24784d3baa82d,2016-11-21,2016-11-22T00:00:00+00:00,2198.179931640625,2.1777157300035155,0.6886759076718424,2.1768491675608015,12.42,-4.608294930875578,-1.0660081181265157,2.4120856663414125,0.5759999752044682,3M,1.4477969557,NO_MEANINGFUL_PULLBACK,True,2017-02-23T00:00:00+00:00,,,,,,,
a5fa51c0a2c24784d3baa82d,2016-11-21,2016-11-22T00:00:00+00:00,2198.179931640625,2.1777157300035155,0.6886759076718424,2.1768491675608015,12.42,-4.608294930875578,-1.0660081181265157,2.4120856663414125,0.5759999752044682,UNTIL_RECOVERY,0.0,NO_MEANINGFUL_PULLBACK,True,2016-11-23T00:00:00+00:00,,,,,,,
983f8e0335843498d5fbdebe,2017-02-24,2017-02-25T00:00:00+00:00,2367.340087890625,3.0766218346987673,0.33054045308689,3.96757351458894,11.47,7.902163687676378,0.28542635656392257,0.7073113208802217,-0.19099998474121094,1M,2.1694845205,NO_MEANINGFUL_PULLBACK,True,2017-03-26T00:00:00+00:00,,,,,,,
983f8e0335843498d5fbdebe,2017-02-24,2017-02-25T00:00:00+00:00,2367.340087890625,3.0766218346987673,0.33054045308689,3.96757351458894,11.47,7.902163687676378,0.28542635656392257,0.7073113208802217,-0.19099998474121094,3M,2.7967917185,NO_MEANINGFUL_PULLBACK,True,2017-05-26T00:00:00+00:00,,,,,,,
983f8e0335843498d5fbdebe,2017-02-24,2017-02-25T00:00:00+00:00,2367.340087890625,3.0766218346987673,0.33054045308689,3.96757351458894,11.47,7.902163687676378,0.28542635656392257,0.7073113208802217,-0.19099998474121094,UNTIL_RECOVERY,0.0,NO_MEANINGFUL_PULLBACK,True,2017-02-28T00:00:00+00:00,,,,,,,
624a7fe1a558b01034159d82,2017-05-26,2017-05-27T00:00:00+00:00,2415.820068359375,1.3262359632193688,0.5090860780195632,1.8196239742625187,9.81,-9.334565619223657,1.3621001199682015,-1.665826829926187,-0.03200006484985307,1M,1.3890619235,NO_MEANINGFUL_PULLBACK,True,2017-06-28T00:00:00+00:00,,,,,,,
624a7fe1a558b01034159d82,2017-05-26,2017-05-27T00:00:00+00:00,2415.820068359375,1.3262359632193688,0.5090860780195632,1.8196239742625187,9.81,-9.334565619223657,1.3621001199682015,-1.665826829926187,-0.03200006484985307,3M,2.2314338385,NO_MEANINGFUL_PULLBACK,True,2017-08-28T00:00:00+00:00,,,,,,,
624a7fe1a558b01034159d82,2017-05-26,2017-05-27T00:00:00+00:00,2415.820068359375,1.3262359632193688,0.5090860780195632,1.8196239742625187,9.81,-9.334565619223657,1.3621001199682015,-1.665826829926187,-0.03200006484985307,UNTIL_RECOVERY,0.1664039298,NO_MEANINGFUL_PULLBACK,True,2017-06-02T00:00:00+00:00,,,,,,,
de438d74981d98168d164960,2017-09-11,2017-09-12T00:00:00+00:00,2488.110107421875,1.916587655544233,0.6029574633365364,1.4422989165208344,10.73,-30.818826563507407,0.891660093790736,-1.3000957219729603,-0.06399989128112793,1M,0.4616814248,NO_MEANINGFUL_PULLBACK,True,2017-10-13T00:00:00+00:00,,,,,,,
de438d74981d98168d164960,2017-09-11,2017-09-12T00:00:00+00:00,2488.110107421875,1.916587655544233,0.6029574633365364,1.4422989165208344,10.73,-30.818826563507407,0.891660093790736,-1.3000957219729603,-0.06399989128112793,3M,1.1470858922,NO_MEANINGFUL_PULLBACK,True,2017-12-13T00:00:00+00:00,,,,,,,
de438d74981d98168d164960,2017-09-11,2017-09-12T00:00:00+00:00,2488.110107421875,1.916587655544233,0.6029574633365364,1.4422989165208344,10.73,-30.818826563507407,0.891660093790736,-1.3000957219729603,-0.06399989128112793,UNTIL_RECOVERY,0.0,NO_MEANINGFUL_PULLBACK,True,2017-09-13T00:00:00+00:00,,,,,,,
678ab5f64eed7cd201c877ea,2017-12-15,2017-12-16T00:00:00+00:00,2675.81005859375,3.487344323331776,0.4162216799568473,3.6495633383588855,9.42,-19.897959183673464,-1.3780565078762352,0.0,-0.006000041961669478,1M,0.6151978034,NO_MEANINGFUL_PULLBACK,True,2018-01-17T00:00:00+00:00,,,,,,,
678ab5f64eed7cd201c877ea,2017-12-15,2017-12-16T00:00:00+00:00,2675.81005859375,3.487344323331776,0.4162216799568473,3.6495633383588855,9.42,-19.897959183673464,-1.3780565078762352,0.0,-0.006000041961669478,3M,10.159530549,MEDIUM,True,2018-03-17T00:00:00+00:00,,,,,,,
678ab5f64eed7cd201c877ea,2017-12-15,2017-12-16T00:00:00+00:00,2675.81005859375,3.487344323331776,0.4162216799568473,3.6495633383588855,9.42,-19.897959183673464,-1.3780565078762352,0.0,-0.006000041961669478,UNTIL_RECOVERY,0.0,NO_MEANINGFUL_PULLBACK,True,2017-12-19T00:00:00+00:00,,,,,,,
9c8c8f3ba9743aff1e2d337e,2018-08-24,2018-08-25T00:00:00+00:00,2874.68994140625,1.9820304841022596,0.45740253072608295,2.834701583686794,11.99,-7.981580966999225,0.7134424345138779,0.4964102441785023,-0.13400006294250444,1M,1.4536556414,NO_MEANINGFUL_PULLBACK,True,2018-09-26T00:00:00+00:00,,,,,,,
9c8c8f3ba9743aff1e2d337e,2018-08-24,2018-08-25T00:00:00+00:00,2874.68994140625,1.9820304841022596,0.45740253072608295,2.834701583686794,11.99,-7.981580966999225,0.7134424345138779,0.4964102441785023,-0.13400006294250444,3M,10.174526705,MEDIUM,True,2018-11-26T00:00:00+00:00,,,,,,,
9c8c8f3ba9743aff1e2d337e,2018-08-24,2018-08-25T00:00:00+00:00,2874.68994140625,1.9820304841022596,0.45740253072608295,2.834701583686794,11.99,-7.981580966999225,0.7134424345138779,0.4964102441785023,-0.13400006294250444,UNTIL_RECOVERY,0.0,NO_MEANINGFUL_PULLBACK,True,2018-08-28T00:00:00+00:00,,,,,,,
11da9fecf6f533c84bfbfd92,2019-04-23,2019-04-24T00:00:00+00:00,2933.679931640625,4.835683008053593,0.43785338631812143,4.654230242607937,12.28,-24.80097979179424,1.4920060473817554,1.0355182801699891,0.14999985694885254,1M,4.5474435858,LIMITED,True,2019-05-25T00:00:00+00:00,,,,,,,
11da9fecf6f533c84bfbfd92,2019-04-23,2019-04-24T00:00:00+00:00,2933.679931640625,4.835683008053593,0.43785338631812143,4.654230242607937,12.28,-24.80097979179424,1.4920060473817554,1.0355182801699891,0.14999985694885254,3M,6.8361080447,MEDIUM,True,2019-07-25T00:00:00+00:00,,,,,,,
11da9fecf6f533c84bfbfd92,2019-04-23,2019-04-24T00:00:00+00:00,2933.679931640625,4.835683008053593,0.43785338631812143,4.654230242607937,12.28,-24.80097979179424,1.4920060473817554,1.0355182801699891,0.14999985694885254,UNTIL_RECOVERY,0.2559928125,NO_MEANINGFUL_PULLBACK,True,2019-04-27T00:00:00+00:00,,,,,,,
2457b325b4845e9ec27cac0c,2019-07-26,2019-07-27T00:00:00+00:00,3025.860107421875,3.4510409940443187,0.48151600408813144,3.991518656130588,12.16,-23.135271807838176,1.0979188889607583,1.8920882094091818,0.07599997520446777,1M,6.1225569983,MEDIUM,True,2019-08-28T00:00:00+00:00,,,,,,,
2457b325b4845e9ec27cac0c,2019-07-26,2019-07-27T00:00:00+00:00,3025.860107421875,3.4510409940443187,0.48151600408813144,3.991518656130588,12.16,-23.135271807838176,1.0979188889607583,1.8920882094091818,0.07599997520446777,3M,6.1225569983,MEDIUM,True,2019-10-28T00:00:00+00:00,,,,,,,
2457b325b4845e9ec27cac0c,2019-07-26,2019-07-27T00:00:00+00:00,3025.860107421875,3.4510409940443187,0.48151600408813144,3.991518656130588,12.16,-23.135271807838176,1.0979188889607583,1.8920882094091818,0.07599997520446777,UNTIL_RECOVERY,6.1225569983,MEDIUM,True,2019-10-29T00:00:00+00:00,,,,,,,
c95c04fabf443e4cefba2d83,2019-10-28,2019-10-29T00:00:00+00:00,3039.419921875,2.105656921540189,0.8785746345087657,3.1088186207205215,13.11,-19.273399014778324,1.9778099270425287,-1.6301017930766326,0.1780000925064087,1M,0.5922425493,NO_MEANINGFUL_PULLBACK,True,2019-11-30T00:00:00+00:00,,,,,,,
c95c04fabf443e4cefba2d83,2019-10-28,2019-10-29T00:00:00+00:00,3039.419921875,2.105656921540189,0.8785746345087657,3.1088186207205215,13.11,-19.273399014778324,1.9778099270425287,-1.6301017930766326,0.1780000925064087,3M,2.582583939,NO_MEANINGFUL_PULLBACK,True,2020-01-30T00:00:00+00:00,,,,,,,
c95c04fabf443e4cefba2d83,2019-10-28,2019-10-29T00:00:00+00:00,3039.419921875,2.105656921540189,0.8785746345087657,3.1088186207205215,13.11,-19.273399014778324,1.9778099270425287,-1.6301017930766326,0.1780000925064087,UNTIL_RECOVERY,0.0832405315,NO_MEANINGFUL_PULLBACK,True,2019-10-31T00:00:00+00:00,,,,,,,
dd4bd74da59c2610e0efa784,2020-02-05,2020-02-06T00:00:00+00:00,3334.68994140625,3.0121899871103697,0.8385882535738612,4.126882030187917,15.15,9.862218999274841,1.8408256513201326,1.330164200330053,-0.17799997329711936,1M,12.7557829422,MEDIUM,True,2020-03-07T00:00:00+00:00,,,,,,,
dd4bd74da59c2610e0efa784,2020-02-05,2020-02-06T00:00:00+00:00,3334.68994140625,3.0121899871103697,0.8385882535738612,4.126882030187917,15.15,9.862218999274841,1.8408256513201326,1.330164200330053,-0.17799997329711936,3M,33.9249600027,CRASH,True,2020-05-07T00:00:00+00:00,,,,,,,
dd4bd74da59c2610e0efa784,2020-02-05,2020-02-06T00:00:00+00:00,3334.68994140625,3.0121899871103697,0.8385882535738612,4.126882030187917,15.15,9.862218999274841,1.8408256513201326,1.330164200330053,-0.17799997329711936,UNTIL_RECOVERY,0.0,NO_MEANINGFUL_PULLBACK,True,2020-02-07T00:00:00+00:00,,,,,,,
814aa12b9eaf72564f7f61ef,2020-08-18,2020-08-19T00:00:00+00:00,3389.780029296875,4.067171537249448,0.687150404688361,6.3771936497957205,21.51,-13.405797101449268,0.8996973204093983,-2.9962216371130723,0.06200003623962402,1M,7.2991284384,MEDIUM,True,2020-09-20T00:00:00+00:00,,,,,,,
814aa12b9eaf72564f7f61ef,2020-08-18,2020-08-19T00:00:00+00:00,3389.780029296875,4.067171537249448,0.687150404688361,6.3771936497957205,21.51,-13.405797101449268,0.8996973204093983,-2.9962216371130723,0.06200003623962402,3M,9.6044547529,MEDIUM,True,2020-11-20T00:00:00+00:00,,,,,,,
814aa12b9eaf72564f7f61ef,2020-08-18,2020-08-19T00:00:00+00:00,3389.780029296875,4.067171537249448,0.687150404688361,6.3771936497957205,21.51,-13.405797101449268,0.8996973204093983,-2.9962216371130723,0.06200003623962402,UNTIL_RECOVERY,0.4404395421,NO_MEANINGFUL_PULLBACK,True,2020-08-22T00:00:00+00:00,,,,,,,
fa315aaf84b32d9405df0b1e,2020-11-24,2020-11-25T00:00:00+00:00,3635.409912109375,7.217725807293585,1.4031449451444844,5.897307611422464,21.64,-35.11244377811094,-1.9214095333956127,-0.7639327155389952,0.1040000319480896,1M,1.4791008107,NO_MEANINGFUL_PULLBACK,True,2020-12-26T00:00:00+00:00,,,,,,,
fa315aaf84b32d9405df0b1e,2020-11-24,2020-11-25T00:00:00+00:00,3635.409912109375,7.217725807293585,1.4031449451444844,5.897307611422464,21.64,-35.11244377811094,-1.9214095333956127,-0.7639327155389952,0.1040000319480896,3M,3.6603615033,LIMITED,True,2021-02-26T00:00:00+00:00,,,,,,,
fa315aaf84b32d9405df0b1e,2020-11-24,2020-11-25T00:00:00+00:00,3635.409912109375,7.217725807293585,1.4031449451444844,5.897307611422464,21.64,-35.11244377811094,-1.9214095333956127,-0.7639327155389952,0.1040000319480896,UNTIL_RECOVERY,0.1584418238,NO_MEANINGFUL_PULLBACK,True,2020-11-28T00:00:00+00:00,,,,,,,
4f42aaa9aa75d1a8c0631d0e,2021-03-11,2021-03-12T00:00:00+00:00,3939.340087890625,0.7534810777085399,1.1680186008928806,3.302322793278578,21.91,-0.36380172805819955,-4.860542149198488,1.161884906994759,0.39399993419647217,1M,2.1383406164,NO_MEANINGFUL_PULLBACK,True,2021-04-13T00:00:00+00:00,,,,,,,
4f42aaa9aa75d1a8c0631d0e,2021-03-11,2021-03-12T00:00:00+00:00,3939.340087890625,0.7534810777085399,1.1680186008928806,3.302322793278578,21.91,-0.36380172805819955,-4.860542149198488,1.161884906994759,0.39399993419647217,3M,4.0060495837,LIMITED,True,2021-06-13T00:00:00+00:00,,,,,,,
4f42aaa9aa75d1a8c0631d0e,2021-03-11,2021-03-12T00:00:00+00:00,3939.340087890625,0.7534810777085399,1.1680186008928806,3.302322793278578,21.91,-0.36380172805819955,-4.860542149198488,1.161884906994759,0.39399993419647217,UNTIL_RECOVERY,0.0,NO_MEANINGFUL_PULLBACK,True,2021-03-13T00:00:00+00:00,,,,,,,
d11a80f684263e89d6c890de,2021-06-14,2021-06-15T00:00:00+00:00,4255.14990234375,1.947837195522495,0.4674075745702849,2.9431772486540053,16.39,-12.86549707602338,3.593192304997417,0.22143152005973388,-0.13399994373321533,1M,2.084526023,NO_MEANINGFUL_PULLBACK,True,2021-07-16T00:00:00+00:00,,,,,,,
d11a80f684263e89d6c890de,2021-06-14,2021-06-15T00:00:00+00:00,4255.14990234375,1.947837195522495,0.4674075745702849,2.9431772486540053,16.39,-12.86549707602338,3.593192304997417,0.22143152005973388,-0.13399994373321533,3M,2.8768596622,NO_MEANINGFUL_PULLBACK,True,2021-09-16T00:00:00+00:00,,,,,,,
d11a80f684263e89d6c890de,2021-06-14,2021-06-15T00:00:00+00:00,4255.14990234375,1.947837195522495,0.4674075745702849,2.9431772486540053,16.39,-12.86549707602338,3.593192304997417,0.22143152005973388,-0.13399994373321533,UNTIL_RECOVERY,2.084526023,NO_MEANINGFUL_PULLBACK,True,2021-06-25T00:00:00+00:00,,,,,,,
00b96b6a970b840bf37a81bf,2021-10-21,2021-10-22T00:00:00+00:00,4549.77978515625,2.2656834854284824,0.9003325641384778,2.4751070439807066,15.01,-19.431025228126675,-1.1797324350047322,0.7196543285997503,0.26600003242492676,1M,1.1695818978,NO_MEANINGFUL_PULLBACK,True,2021-11-23T00:00:00+00:00,,,,,,,
00b96b6a970b840bf37a81bf,2021-10-21,2021-10-22T00:00:00+00:00,4549.77978515625,2.2656834854284824,0.9003325641384778,2.4751070439807066,15.01,-19.431025228126675,-1.1797324350047322,0.7196543285997503,0.26600003242492676,3M,8.3105415614,MEDIUM,True,2022-01-23T00:00:00+00:00,,,,,,,
00b96b6a970b840bf37a81bf,2021-10-21,2021-10-22T00:00:00+00:00,4549.77978515625,2.2656834854284824,0.9003325641384778,2.4751070439807066,15.01,-19.431025228126675,-1.1797324350047322,0.7196543285997503,0.26600003242492676,UNTIL_RECOVERY,0.1072553627,NO_MEANINGFUL_PULLBACK,True,2021-10-26T00:00:00+00:00,,,,,,,
5a2e0e1470a64083c7246287,2024-01-19,2024-01-20T00:00:00+00:00,4839.81005859375,1.4982046202484556,0.7113123632443046,5.8888443525833445,13.3,6.145251396648055,0.5530217538820548,1.0962149032537116,0.2239999771118164,1M,1.6696720632,NO_MEANINGFUL_PULLBACK,True,2024-02-21T00:00:00+00:00,,,,,,,
5a2e0e1470a64083c7246287,2024-01-19,2024-01-20T00:00:00+00:00,4839.81005859375,1.4982046202484556,0.7113123632443046,5.8888443525833445,13.3,6.145251396648055,0.5530217538820548,1.0962149032537116,0.2239999771118164,3M,5.4644268435,MEDIUM,True,2024-04-21T00:00:00+00:00,,,,,,,
5a2e0e1470a64083c7246287,2024-01-19,2024-01-20T00:00:00+00:00,4839.81005859375,1.4982046202484556,0.7113123632443046,5.8888443525833445,13.3,6.145251396648055,0.5530217538820548,1.0962149032537116,0.2239999771118164,UNTIL_RECOVERY,0.0,NO_MEANINGFUL_PULLBACK,True,2024-01-23T00:00:00+00:00,,,,,,,
d698798c1c6e9f1b6ecb7d9d,2024-05-15,2024-05-16T00:00:00+00:00,5308.14990234375,5.693508308698303,0.7530997674174885,3.292445834044311,12.45,-31.630971993410217,1.0589976890522212,-1.5101448987324906,-0.22900009155273438,1M,1.6148008377,NO_MEANINGFUL_PULLBACK,True,2024-06-17T00:00:00+00:00,,,,,,,
d698798c1c6e9f1b6ecb7d9d,2024-05-15,2024-05-16T00:00:00+00:00,5308.14990234375,5.693508308698303,0.7530997674174885,3.292445834044311,12.45,-31.630971993410217,1.0589976890522212,-1.5101448987324906,-0.22900009155273438,3M,8.4851443502,MEDIUM,True,2024-08-17T00:00:00+00:00,,,,,,,
d698798c1c6e9f1b6ecb7d9d,2024-05-15,2024-05-16T00:00:00+00:00,5308.14990234375,5.693508308698303,0.7530997674174885,3.292445834044311,12.45,-31.630971993410217,1.0589976890522212,-1.5101448987324906,-0.22900009155273438,UNTIL_RECOVERY,0.2081667792,NO_MEANINGFUL_PULLBACK,True,2024-05-22T00:00:00+00:00,,,,,,,
3a144571570d4c3b3ca0049a,2024-09-19,2024-09-20T00:00:00+00:00,5713.64013671875,1.6508186030648853,0.9611732372751752,3.5451926470842166,16.33,0.3687768899815591,-1.1207092992896461,-0.4255743282655655,-0.03800010681152344,1M,1.1547118478,NO_MEANINGFUL_PULLBACK,True,2024-10-21T00:00:00+00:00,,,,,,,
3a144571570d4c3b3ca0049a,2024-09-19,2024-09-20T00:00:00+00:00,5713.64013671875,1.6508186030648853,0.9611732372751752,3.5451926470842166,16.33,0.3687768899815591,-1.1207092992896461,-0.4255743282655655,-0.03800010681152344,3M,3.6646969788,LIMITED,True,2024-12-21T00:00:00+00:00,,,,,,,
3a144571570d4c3b3ca0049a,2024-09-19,2024-09-20T00:00:00+00:00,5713.64013671875,1.6508186030648853,0.9611732372751752,3.5451926470842166,16.33,0.3687768899815591,-1.1207092992896461,-0.4255743282655655,-0.03800010681152344,UNTIL_RECOVERY,0.1941027395,NO_MEANINGFUL_PULLBACK,True,2024-09-24T00:00:00+00:00,,,,,,,
6c7291cfd711fa08e6f55267,2025-01-23,2025-01-24T00:00:00+00:00,6118.7099609375,3.167503143528916,0.8953050466059705,2.815543491798822,15.02,-18.191721132897598,-0.7095768193498442,0.3995542596187285,0.11399984359741211,1M,2.618749622,NO_MEANINGFUL_PULLBACK,True,2025-02-25T00:00:00+00:00,,,,,,,
6c7291cfd711fa08e6f55267,2025-01-23,2025-01-24T00:00:00+00:00,6118.7099609375,3.167503143528916,0.8953050466059705,2.815543491798822,15.02,-18.191721132897598,-0.7095768193498442,0.3995542596187285,0.11399984359741211,3M,18.9022061843,MEDIUM,True,2025-04-25T00:00:00+00:00,,,,,,,
6c7291cfd711fa08e6f55267,2025-01-23,2025-01-24T00:00:00+00:00,6118.7099609375,3.167503143528916,0.8953050466059705,2.815543491798822,15.02,-18.191721132897598,-0.7095768193498442,0.3995542596187285,0.11399984359741211,UNTIL_RECOVERY,2.0288612716,NO_MEANINGFUL_PULLBACK,True,2025-02-19T00:00:00+00:00,,,,,,,
0d35411022a919ba00807677,2025-06-27,2025-06-28T00:00:00+00:00,6173.06982421875,4.412929699101209,0.6240767596773602,7.810939045302812,16.32,-14.911366006256511,1.3108880263217326,-1.8936314227775863,-0.14099979400634766,1M,0.8572555645,NO_MEANINGFUL_PULLBACK,True,2025-07-29T00:00:00+00:00,,,,,,,
0d35411022a919ba00807677,2025-06-27,2025-06-28T00:00:00+00:00,6173.06982421875,4.412929699101209,0.6240767596773602,7.810939045302812,16.32,-14.911366006256511,1.3108880263217326,-1.8936314227775863,-0.14099979400634766,3M,2.3750503295,NO_MEANINGFUL_PULLBACK,True,2025-09-29T00:00:00+00:00,,,,,,,
0d35411022a919ba00807677,2025-06-27,2025-06-28T00:00:00+00:00,6173.06982421875,4.412929699101209,0.6240767596773602,7.810939045302812,16.32,-14.911366006256511,1.3108880263217326,-1.8936314227775863,-0.14099979400634766,UNTIL_RECOVERY,0.0,NO_MEANINGFUL_PULLBACK,True,2025-07-01T00:00:00+00:00,,,,,,,
76240b869944979d9a11920b,2025-10-01,2025-10-02T00:00:00+00:00,6711.2001953125,4.077695986895691,0.408055877210316,4.06946144556577,16.29,-0.3669724770642313,1.7714316190525325,-0.43814989591404174,-0.10500001907348633,1M,2.9792535494,NO_MEANINGFUL_PULLBACK,True,2025-11-03T00:00:00+00:00,,,,,,,
76240b869944979d9a11920b,2025-10-01,2025-10-02T00:00:00+00:00,6711.2001953125,4.077695986895691,0.408055877210316,4.06946144556577,16.29,-0.3669724770642313,1.7714316190525325,-0.43814989591404174,-0.10500001907348633,3M,5.1100854042,MEDIUM,True,2026-01-03T00:00:00+00:00,,,,,,,
76240b869944979d9a11920b,2025-10-01,2025-10-02T00:00:00+00:00,6711.2001953125,4.077695986895691,0.408055877210316,4.06946144556577,16.29,-0.3669724770642313,1.7714316190525325,-0.43814989591404174,-0.10500001907348633,UNTIL_RECOVERY,0.0,NO_MEANINGFUL_PULLBACK,True,2025-10-03T00:00:00+00:00,,,,,,,
565dde58a7e072c66e63b99c,2026-01-06,2026-01-07T00:00:00+00:00,6944.81982421875,1.0831963631347419,0.5968280749667653,2.2842329323290222,14.75,-4.282933160285529,-1.214508457739094,-0.41417925200795125,0.039999961853027344,1M,2.5856840246,NO_MEANINGFUL_PULLBACK,True,2026-02-08T00:00:00+00:00,,,,,,,
565dde58a7e072c66e63b99c,2026-01-06,2026-01-07T00:00:00+00:00,6944.81982421875,1.0831963631347419,0.5968280749667653,2.2842329323290222,14.75,-4.282933160285529,-1.214508457739094,-0.41417925200795125,0.039999961853027344,3M,9.097524918,MEDIUM,True,2026-04-08T00:00:00+00:00,,,,,,,
565dde58a7e072c66e63b99c,2026-01-06,2026-01-07T00:00:00+00:00,6944.81982421875,1.0831963631347419,0.5968280749667653,2.2842329323290222,14.75,-4.282933160285529,-1.214508457739094,-0.41417925200795125,0.039999961853027344,UNTIL_RECOVERY,0.3439923431,NO_MEANINGFUL_PULLBACK,True,2026-01-10T00:00:00+00:00,,,,,,,
10beecb66605cd0f06078330,2026-04-15,2026-04-16T00:00:00+00:00,7022.9501953125,4.569032855450317,1.253132070831134,3.4349726286778903,18.17,-18.775145283862315,2.266031233674526,-1.526415188302277,0.07999992370605469,1M,1.2363320128,NO_MEANINGFUL_PULLBACK,True,2026-05-17T00:00:00+00:00,,,,,,,
10beecb66605cd0f06078330,2026-04-15,2026-04-16T00:00:00+00:00,7022.9501953125,4.569032855450317,1.253132070831134,3.4349726286778903,18.17,-18.775145283862315,2.266031233674526,-1.526415188302277,0.07999992370605469,3M,4.5045922544,LIMITED,True,2026-07-17T00:00:00+00:00,,,,,,,
10beecb66605cd0f06078330,2026-04-15,2026-04-16T00:00:00+00:00,7022.9501953125,4.569032855450317,1.253132070831134,3.4349726286778903,18.17,-18.775145283862315,2.266031233674526,-1.526415188302277,0.07999992370605469,UNTIL_RECOVERY,0.0,NO_MEANINGFUL_PULLBACK,True,2026-04-17T00:00:00+00:00,,,,,,,
81ff9b3fe3a580796b40cfc4,2026-08-04,2026-08-05T00:00:00+00:00,7736.52001953125,3.1006739053552224,0.9150551316405449,3.559581124172362,16.5,2.293862368257904,-0.13266585583260326,-1.2359106264024144,0.09800004959106356,1M,2.1479706282,NO_MEANINGFUL_PULLBACK,True,2026-09-06T00:00:00+00:00,,,,,,,
81ff9b3fe3a580796b40cfc4,2026-08-04,2026-08-05T00:00:00+00:00,7736.52001953125,3.1006739053552224,0.9150551316405449,3.559581124172362,16.5,2.293862368257904,-0.13266585583260326,-1.2359106264024144,0.09800004959106356,3M,3.1693869123,LIMITED,False,,,,,,,,
81ff9b3fe3a580796b40cfc4,2026-08-04,2026-08-05T00:00:00+00:00,7736.52001953125,3.1006739053552224,0.9150551316405449,3.559581124172362,16.5,2.293862368257904,-0.13266585583260326,-1.2359106264024144,0.09800004959106356,UNTIL_RECOVERY,0.3433075663,NO_MEANINGFUL_PULLBACK,True,2026-08-08T00:00:00+00:00,,,,,,,
