indicator,agency,official_latest_reference_period,official_release_date,official_value,canonical_latest_reference_period,canonical_release_date,canonical_value,status,revision_detected,source_verification,reason,metadata_provider,metadata_verification,metadata_source_url,metadata_series
NFP,BLS,September 2026,2026-10-02,29000.0,September 2026,2026-10-02,29000.0,CURRENT,False,VERIFIED,"Official period, release and value match canonical",FRED_ALFRED,BLS_VALUE_FRED_RELEASE_VINTAGE_PARITY,https://api.stlouisfed.org/fred/release/dates,PAYEMS
UNEMPLOYMENT_RATE,BLS,September 2026,2026-10-02,4.2,September 2026,2026-10-02,4.2,CURRENT,False,VERIFIED,"Official period, release and value match canonical",FRED_ALFRED,BLS_VALUE_FRED_RELEASE_VINTAGE_PARITY,https://api.stlouisfed.org/fred/release/dates,UNRATE
AVERAGE_HOURLY_EARNINGS,BLS,September 2026,2026-10-02,0.1,September 2026,2026-10-02,0.1,CURRENT,False,VERIFIED,"Official period, release and value match canonical",FRED_ALFRED,BLS_VALUE_FRED_RELEASE_VINTAGE_PARITY,https://api.stlouisfed.org/fred/release/dates,CES0500000003
CPI,BLS,August 2026,2026-09-11,0.4,August 2026,2026-09-11,0.4,CURRENT,False,VERIFIED,"Official period, release and value match canonical",FRED_ALFRED,BLS_VALUE_FRED_RELEASE_VINTAGE_PARITY,https://api.stlouisfed.org/fred/release/dates,CPIAUCSL
CORE_CPI,BLS,August 2026,2026-09-11,0.3,August 2026,2026-09-11,0.3,CURRENT,False,VERIFIED,"Official period, release and value match canonical",FRED_ALFRED,BLS_VALUE_FRED_RELEASE_VINTAGE_PARITY,https://api.stlouisfed.org/fred/release/dates,CPILFESL
PPI_FINAL_DEMAND,BLS,August 2026,2026-09-10,0.4,August 2026,2026-09-10,0.4,CURRENT,False,VERIFIED,"Official period, release and value match canonical",FRED_ALFRED,BLS_VALUE_FRED_RELEASE_VINTAGE_PARITY,https://api.stlouisfed.org/fred/release/dates,PPIFIS
CORE_PPI,BLS,August 2026,2026-09-10,0.2,August 2026,2026-09-10,0.2,CURRENT,False,VERIFIED,"Official period, release and value match canonical",FRED_ALFRED,BLS_VALUE_FRED_RELEASE_VINTAGE_PARITY,https://api.stlouisfed.org/fred/release/dates,PPIFES
GDP,BEA,Q2 2026,2026-09-30,2.2,Q2 2026,2026-09-30,2.2,CURRENT,False,VERIFIED,"Official period, release and value match canonical",BEA,,,
PCE_PRICE_INDEX,BEA,August 2026,2026-09-30,0.3,August 2026,2026-09-30,0.3,CURRENT,False,VERIFIED,"Official period, release and value match canonical",BEA,,,
CORE_PCE,BEA,August 2026,2026-09-30,0.2,August 2026,2026-09-30,0.2,CURRENT,False,VERIFIED,"Official period, release and value match canonical",BEA,,,
RETAIL_SALES,Census,August 2026,2026-09-28,1.1,August 2026,2026-09-28,1.1,CURRENT,False,VERIFIED,"Official period, release and value match canonical",Census,,https://www.census.gov/retail/marts/www/marts_current.pdf,
INITIAL_JOBLESS_CLAIMS,DOL,"Week ending September 26, 2026",2026-10-01,197000.0,"Week ending September 26, 2026",2026-10-01,197000.0,CURRENT,False,VERIFIED,"Official period, release and value match canonical",DOL,,,
ISM_MANUFACTURING_PMI,ISM,September 2026,2026-10-01,54.5,September 2026,2026-10-01,54.5,CURRENT,False,VERIFIED,"Official period, release and value match canonical",ISM,,https://www.ismworld.org/supply-management-news-and-reports/reports/rob-report-calendar/,
ISM_SERVICES_PMI,ISM,August 2026,2026-09-03,55.4,August 2026,2026-09-03,55.4,CURRENT,False,VERIFIED,"Official period, release and value match canonical",ISM,,https://www.ismworld.org/supply-management-news-and-reports/reports/rob-report-calendar/,
