indicator,records,pit_safe_records,historical_consensus_records,directional_shock_records,zscore_records,insufficient_history_records,official_previous_delta_records,prior_observation_delta_records,no_delta_records
AVERAGE_HOURLY_EARNINGS,2,2,0,2,0,2,2,0,0
CORE_CPI,66,66,0,62,59,7,29,33,4
CORE_PCE,27,27,0,26,23,4,1,25,1
CORE_PPI,2,2,0,2,0,2,2,0,0
CPI,70,70,0,62,59,11,29,33,8
GDP,42,42,0,42,39,3,21,21,0
INITIAL_JOBLESS_CLAIMS,147,147,0,146,143,4,16,130,1
ISM_MANUFACTURING_PMI,58,58,0,57,54,4,21,36,1
ISM_SERVICES_PMI,1,1,0,1,0,1,1,0,0
NFP,89,89,0,63,60,29,18,45,26
PCE_PRICE_INDEX,27,27,0,26,22,5,1,25,1
PPI_FINAL_DEMAND,1,1,0,1,0,1,1,0,0
RETAIL_SALES,2,2,0,2,0,2,1,1,0
UNEMPLOYMENT_RATE,71,71,0,63,60,11,29,34,8
