record_id,indicator,agency,release_date,reference_period,point_in_time_safe,quality_issues,historical_consensus_available
3fbef7fcc694a20c,INITIAL_JOBLESS_CLAIMS,DOL,2020-01-02,"Week ending December 28, 2019",True,,False
bc7581fbdce3f05a,ISM_MANUFACTURING_PMI,ISM,2020-01-03,January 2020,True,,False
b72021c610d4df44,INITIAL_JOBLESS_CLAIMS,DOL,2020-01-09,"Week ending January 4, 2020",True,,False
e3d08e9a76c635ac,INITIAL_JOBLESS_CLAIMS,DOL,2020-01-16,"Week ending January 11, 2020",True,,False
4c039380e9029edb,INITIAL_JOBLESS_CLAIMS,DOL,2020-01-23,"Week ending January 18, 2020",True,,False
503c468918bb96a3,INITIAL_JOBLESS_CLAIMS,DOL,2020-01-30,"Week ending January 25, 2020",True,,False
99e35d9b01a9f0a5,ISM_MANUFACTURING_PMI,ISM,2020-02-03,February 2020,True,,False
09870cf19a2093ea,INITIAL_JOBLESS_CLAIMS,DOL,2020-02-06,"Week ending February 1, 2020",True,,False
aed698857ce17228,NFP,BLS,2020-02-07,January 2020,True,,False
740bf5fb3d44f3ce,UNEMPLOYMENT_RATE,BLS,2020-02-07,January 2020,True,,False
a5b4085181082e30,CORE_CPI,BLS,2020-02-13,January 2020,True,,False
97365faaf94b582d,CPI,BLS,2020-02-13,January 2020,True,,False
f7f0ebc63dc3516c,INITIAL_JOBLESS_CLAIMS,DOL,2020-02-13,"Week ending February 8, 2020",True,,False
72a9a6fe9c5bae19,INITIAL_JOBLESS_CLAIMS,DOL,2020-02-20,"Week ending February 15, 2020",True,,False
c9b14cee5bb49620,INITIAL_JOBLESS_CLAIMS,DOL,2020-02-27,"Week ending February 22, 2020",True,,False
582b5e2bdb085398,ISM_MANUFACTURING_PMI,ISM,2020-03-02,March 2020,True,,False
5538838fc285d1dc,INITIAL_JOBLESS_CLAIMS,DOL,2020-03-05,"Week ending February 29, 2020",True,,False
a0d1362f0c99306a,NFP,BLS,2020-03-06,February 2020,True,,False
8b930c3733851aa2,UNEMPLOYMENT_RATE,BLS,2020-03-06,February 2020,True,,False
3f5fad543dac59b8,CORE_CPI,BLS,2020-03-11,February 2020,True,,False
4c267b8d80702f8f,CPI,BLS,2020-03-11,February 2020,True,,False
31d7ed4a78067878,INITIAL_JOBLESS_CLAIMS,DOL,2020-03-12,"Week ending March 7, 2020",True,,False
a41718b6bab16e7f,INITIAL_JOBLESS_CLAIMS,DOL,2020-03-19,"Week ending March 14, 2020",True,,False
48773cb15e731320,INITIAL_JOBLESS_CLAIMS,DOL,2020-03-26,"Week ending March 21, 2020",True,,False
d30d50c4140bddfc,ISM_MANUFACTURING_PMI,ISM,2020-04-01,April 2020,True,,False
ea31b10b8f8dda8d,INITIAL_JOBLESS_CLAIMS,DOL,2020-04-02,"Week ending March 28, 2020",True,,False
86160ff65c0a7e12,NFP,BLS,2020-04-03,March 2020,True,,False
2f9f974a3254af05,UNEMPLOYMENT_RATE,BLS,2020-04-03,March 2020,True,,False
2d811a6a265b2ddd,INITIAL_JOBLESS_CLAIMS,DOL,2020-04-09,"Week ending April 4, 2020",True,,False
c97d6cdac8c18f81,CORE_CPI,BLS,2020-04-10,March 2020,True,,False
acb4e47a7d73524b,CPI,BLS,2020-04-10,March 2020,True,,False
da4b4447998b5677,INITIAL_JOBLESS_CLAIMS,DOL,2020-04-16,"Week ending April 11, 2020",True,,False
e4b50044314205fd,INITIAL_JOBLESS_CLAIMS,DOL,2020-04-23,"Week ending April 18, 2020",True,,False
3bdf01c5a70106b8,INITIAL_JOBLESS_CLAIMS,DOL,2020-04-30,"Week ending April 25, 2020",True,,False
728575d38e2019d4,ISM_MANUFACTURING_PMI,ISM,2020-05-01,May 2020,True,,False
a83b74cdffabbaa0,INITIAL_JOBLESS_CLAIMS,DOL,2020-05-07,"Week ending May 2, 2020",True,,False
119d1e4a52270bd1,NFP,BLS,2020-05-08,April 2020,True,,False
f651245a78aed03b,UNEMPLOYMENT_RATE,BLS,2020-05-08,April 2020,True,,False
51081443256fb177,CORE_CPI,BLS,2020-05-12,April 2020,True,,False
10af381ce6b75cc4,CPI,BLS,2020-05-12,April 2020,True,,False
44558393763863fb,INITIAL_JOBLESS_CLAIMS,DOL,2020-05-14,"Week ending May 9, 2020",True,,False
a0173425824c9a06,INITIAL_JOBLESS_CLAIMS,DOL,2020-05-21,"Week ending May 16, 2020",True,,False
0cef58b3af60443f,INITIAL_JOBLESS_CLAIMS,DOL,2020-05-28,"Week ending May 23, 2020",True,,False
fbbda33e85112b36,ISM_MANUFACTURING_PMI,ISM,2020-06-01,June 2020,True,,False
013c5c9f99d62e9f,INITIAL_JOBLESS_CLAIMS,DOL,2020-06-04,"Week ending May 30, 2020",True,,False
5a6329add993ffb6,NFP,BLS,2020-06-05,May 2020,True,,False
dc436328775fea9f,UNEMPLOYMENT_RATE,BLS,2020-06-05,May 2020,True,,False
13cf9cf7bb61c864,CORE_CPI,BLS,2020-06-10,May 2020,True,,False
0edf123be60b93b1,CPI,BLS,2020-06-10,May 2020,True,,False
5dd6e83a79e15737,INITIAL_JOBLESS_CLAIMS,DOL,2020-06-11,"Week ending June 6, 2020",True,,False
bb50d322ff88913e,INITIAL_JOBLESS_CLAIMS,DOL,2020-06-18,"Week ending June 13, 2020",True,,False
734ff988d7889144,INITIAL_JOBLESS_CLAIMS,DOL,2020-06-25,"Week ending June 20, 2020",True,,False
e3b4724ba0df9766,ISM_MANUFACTURING_PMI,ISM,2020-07-01,July 2020,True,,False
d13a8e1356466e52,INITIAL_JOBLESS_CLAIMS,DOL,2020-07-02,"Week ending June 27, 2020",True,,False
2672f8a8ff54790b,NFP,BLS,2020-07-02,June 2020,True,,False
e19277966fcef523,UNEMPLOYMENT_RATE,BLS,2020-07-02,June 2020,True,,False
fdb6700ea113ccce,INITIAL_JOBLESS_CLAIMS,DOL,2020-07-09,"Week ending July 4, 2020",True,,False
d48f1cf37b8af849,CORE_CPI,BLS,2020-07-14,June 2020,True,,False
68ddb97b2c2e19a3,CPI,BLS,2020-07-14,June 2020,True,,False
5eeb1fd747fc841a,INITIAL_JOBLESS_CLAIMS,DOL,2020-07-16,"Week ending July 11, 2020",True,,False
dbaf4b4b400aaa19,INITIAL_JOBLESS_CLAIMS,DOL,2020-07-23,"Week ending July 18, 2020",True,,False
a1dd1e50afcc56cd,INITIAL_JOBLESS_CLAIMS,DOL,2020-07-30,"Week ending July 25, 2020",True,,False
9ccd21c02d57aee6,ISM_MANUFACTURING_PMI,ISM,2020-08-03,August 2020,True,,False
43d27fdd5bfa4e79,INITIAL_JOBLESS_CLAIMS,DOL,2020-08-06,"Week ending August 1, 2020",True,,False
420bb260175909f5,NFP,BLS,2020-08-07,July 2020,True,,False
3d1b3efe464c483f,UNEMPLOYMENT_RATE,BLS,2020-08-07,July 2020,True,,False
2b0368cd37e6da23,CORE_CPI,BLS,2020-08-12,July 2020,True,,False
7c95a30fef6dd0f5,CPI,BLS,2020-08-12,July 2020,True,,False
457ac0a95a3b5e91,INITIAL_JOBLESS_CLAIMS,DOL,2020-08-13,"Week ending August 8, 2020",True,,False
1c7de2ba1094ab66,INITIAL_JOBLESS_CLAIMS,DOL,2020-08-20,"Week ending August 15, 2020",True,,False
51d2957fb791d592,INITIAL_JOBLESS_CLAIMS,DOL,2020-08-27,"Week ending August 22, 2020",True,,False
81566119915380e3,ISM_MANUFACTURING_PMI,ISM,2020-09-01,September 2020,True,,False
5e423a3fd095f478,INITIAL_JOBLESS_CLAIMS,DOL,2020-09-03,"Week ending August 29, 2020",True,,False
626618f4ba0cd8ff,NFP,BLS,2020-09-04,August 2020,True,,False
490a5382f9e0cb6b,UNEMPLOYMENT_RATE,BLS,2020-09-04,August 2020,True,,False
2c0b6eec9fa8ba6f,INITIAL_JOBLESS_CLAIMS,DOL,2020-09-10,"Week ending September 5, 2020",True,,False
1278e88b11d3e54f,CORE_CPI,BLS,2020-09-11,August 2020,True,,False
bb0094c251f97e8c,CPI,BLS,2020-09-11,August 2020,True,,False
3c2f1f85731cb8bf,INITIAL_JOBLESS_CLAIMS,DOL,2020-09-17,"Week ending September 12, 2020",True,,False
0cd49cfe3ec59895,INITIAL_JOBLESS_CLAIMS,DOL,2020-09-24,"Week ending September 19, 2020",True,,False
4cffab99115aae6b,INITIAL_JOBLESS_CLAIMS,DOL,2020-10-01,"Week ending September 26, 2020",True,,False
b71a084d075f27ef,ISM_MANUFACTURING_PMI,ISM,2020-10-01,October 2020,True,,False
8b114d049b0c9065,NFP,BLS,2020-10-02,September 2020,True,,False
bd390d1c8e734ad4,UNEMPLOYMENT_RATE,BLS,2020-10-02,September 2020,True,,False
bbcfe761c6d04dee,INITIAL_JOBLESS_CLAIMS,DOL,2020-10-08,"Week ending October 3, 2020",True,,False
cdd01045f81c98b2,CORE_CPI,BLS,2020-10-13,September 2020,True,,False
a0377c4b4249cf86,CPI,BLS,2020-10-13,September 2020,True,,False
c38387850e223b36,INITIAL_JOBLESS_CLAIMS,DOL,2020-10-15,"Week ending October 10, 2020",True,,False
f76eb16fa96f2ea9,INITIAL_JOBLESS_CLAIMS,DOL,2020-10-22,"Week ending October 17, 2020",True,,False
a787492917744bc6,INITIAL_JOBLESS_CLAIMS,DOL,2020-10-29,"Week ending October 24, 2020",True,,False
96be11a2e0fc3528,ISM_MANUFACTURING_PMI,ISM,2020-11-02,November 2020,True,,False
dc9e22b9ca4fb089,INITIAL_JOBLESS_CLAIMS,DOL,2020-11-05,"Week ending October 31, 2020",True,,False
4a5cf391c65b3985,NFP,BLS,2020-11-06,October 2020,True,,False
98fd2a70152175b7,UNEMPLOYMENT_RATE,BLS,2020-11-06,October 2020,True,,False
5090329f16199b24,CORE_CPI,BLS,2020-11-12,October 2020,True,,False
b82d3ebff6a824cb,CPI,BLS,2020-11-12,October 2020,True,,False
2cc57418827a6447,INITIAL_JOBLESS_CLAIMS,DOL,2020-11-12,"Week ending November 7, 2020",True,,False
a82b9547fa131bac,INITIAL_JOBLESS_CLAIMS,DOL,2020-11-19,"Week ending November 14, 2020",True,,False
39c36b56cd85b592,INITIAL_JOBLESS_CLAIMS,DOL,2020-11-25,"Week ending November 21, 2020",True,,False
faad997e98050a05,ISM_MANUFACTURING_PMI,ISM,2020-12-01,December 2020,True,,False
b32f6207a609e1e1,INITIAL_JOBLESS_CLAIMS,DOL,2020-12-03,"Week ending November 28, 2020",True,,False
c418cb99c17b1b53,NFP,BLS,2020-12-04,November 2020,True,,False
7da374cad07672e1,UNEMPLOYMENT_RATE,BLS,2020-12-04,November 2020,True,,False
e860518361b208ec,CORE_CPI,BLS,2020-12-10,November 2020,True,,False
6dd7934d650abaa9,CPI,BLS,2020-12-10,November 2020,True,,False
9bd414157cf5dd6f,INITIAL_JOBLESS_CLAIMS,DOL,2020-12-10,"Week ending December 5, 2020",True,,False
3dde8a9ca3736390,INITIAL_JOBLESS_CLAIMS,DOL,2020-12-17,"Week ending December 12, 2020",True,,False
8807903602e004ee,INITIAL_JOBLESS_CLAIMS,DOL,2020-12-23,"Week ending December 19, 2020",True,,False
d22977e0b8d5dcb5,INITIAL_JOBLESS_CLAIMS,DOL,2020-12-31,"Week ending December 26, 2020",True,,False
635427eca4e1b8fc,ISM_MANUFACTURING_PMI,ISM,2021-01-04,January 2021,True,,False
11571410242c5f24,INITIAL_JOBLESS_CLAIMS,DOL,2021-01-07,"Week ending January 2, 2021",True,,False
5adaece524bf78f5,NFP,BLS,2021-01-08,December 2020,True,,False
c1e35f3984e9942d,UNEMPLOYMENT_RATE,BLS,2021-01-08,December 2020,True,,False
12d6ee7d87d7163b,CORE_CPI,BLS,2021-01-13,December 2020,True,,False
0b9d5c627dac3a58,CPI,BLS,2021-01-13,December 2020,True,,False
b847e415b142db1c,INITIAL_JOBLESS_CLAIMS,DOL,2021-01-14,"Week ending January 9, 2021",True,,False
3a43f4a691ea418c,INITIAL_JOBLESS_CLAIMS,DOL,2021-01-21,"Week ending January 16, 2021",True,,False
590821e39b0112de,INITIAL_JOBLESS_CLAIMS,DOL,2021-01-28,"Week ending January 23, 2021",True,,False
376ca760f36e97e5,ISM_MANUFACTURING_PMI,ISM,2021-02-01,February 2021,True,,False
6b95c14a9f490364,INITIAL_JOBLESS_CLAIMS,DOL,2021-02-04,"Week ending January 30, 2021",True,,False
82f0f4b775f0ebdc,NFP,BLS,2021-02-05,January 2021,True,,False
5160fd7833cf27f3,UNEMPLOYMENT_RATE,BLS,2021-02-05,January 2021,True,,False
8ff178ce9221ae28,CORE_CPI,BLS,2021-02-10,January 2021,True,,False
1e8d5ff40fc0a72e,CPI,BLS,2021-02-10,January 2021,True,,False
c03022d0b0dcc81e,INITIAL_JOBLESS_CLAIMS,DOL,2021-02-11,"Week ending February 6, 2021",True,,False
0714dd44545a6ac1,INITIAL_JOBLESS_CLAIMS,DOL,2021-02-18,"Week ending February 13, 2021",True,,False
e2366017ad7002c5,INITIAL_JOBLESS_CLAIMS,DOL,2021-02-25,"Week ending February 20, 2021",True,,False
45f73883d9550cc3,ISM_MANUFACTURING_PMI,ISM,2021-03-01,March 2021,True,,False
5326478c0af265c0,INITIAL_JOBLESS_CLAIMS,DOL,2021-03-04,"Week ending February 27, 2021",True,,False
0d1f7438fee9d240,NFP,BLS,2021-03-05,February 2021,True,,False
3f8e57b2f97712c2,UNEMPLOYMENT_RATE,BLS,2021-03-05,February 2021,True,,False
b78bdefe4d4e9f1e,CORE_CPI,BLS,2021-03-10,February 2021,True,,False
7add716df8579927,CPI,BLS,2021-03-10,February 2021,True,,False
420580fbe4aabe19,INITIAL_JOBLESS_CLAIMS,DOL,2021-03-11,"Week ending March 6, 2021",True,,False
2258bf46cf310a3c,INITIAL_JOBLESS_CLAIMS,DOL,2021-03-18,"Week ending March 13, 2021",True,,False
a128d1416ad267e4,INITIAL_JOBLESS_CLAIMS,DOL,2021-03-25,"Week ending March 20, 2021",True,,False
b9af106c75c34971,INITIAL_JOBLESS_CLAIMS,DOL,2021-04-01,"Week ending March 27, 2021",True,,False
2f6a2462a1515421,ISM_MANUFACTURING_PMI,ISM,2021-04-01,April 2021,True,,False
636405f48a697c5d,NFP,BLS,2021-04-02,March 2021,True,,False
a553d54a20b9e02e,UNEMPLOYMENT_RATE,BLS,2021-04-02,March 2021,True,,False
ced0f6b96ea7fa84,INITIAL_JOBLESS_CLAIMS,DOL,2021-04-08,"Week ending April 3, 2021",True,,False
3694c0fe68ea5c05,CORE_CPI,BLS,2021-04-13,March 2021,True,,False
56a4f5645f2e4230,CPI,BLS,2021-04-13,March 2021,True,,False
83ab757e98bae4b0,INITIAL_JOBLESS_CLAIMS,DOL,2021-04-15,"Week ending April 10, 2021",True,,False
6cd585a79bf93fdf,INITIAL_JOBLESS_CLAIMS,DOL,2021-04-22,"Week ending April 17, 2021",True,,False
8839b6871e3cd785,INITIAL_JOBLESS_CLAIMS,DOL,2021-04-29,"Week ending April 24, 2021",True,,False
7ff1b14d170f91b0,ISM_MANUFACTURING_PMI,ISM,2021-05-03,May 2021,True,,False
15f0738fc029522f,INITIAL_JOBLESS_CLAIMS,DOL,2021-05-06,"Week ending May 1, 2021",True,,False
c495331b6da5e44a,NFP,BLS,2021-05-07,April 2021,True,,False
8e2f3cb233fcc250,UNEMPLOYMENT_RATE,BLS,2021-05-07,April 2021,True,,False
20c2d889c3a1c53b,CORE_CPI,BLS,2021-05-12,April 2021,True,,False
a58dca4468d2add7,CPI,BLS,2021-05-12,April 2021,True,,False
fe8e3f4f2ce626b2,INITIAL_JOBLESS_CLAIMS,DOL,2021-05-13,"Week ending May 8, 2021",True,,False
ba0c13b7f6a98fbe,INITIAL_JOBLESS_CLAIMS,DOL,2021-05-20,"Week ending May 15, 2021",True,,False
b87f6766184505e2,INITIAL_JOBLESS_CLAIMS,DOL,2021-05-27,"Week ending May 22, 2021",True,,False
9a8de3afdf9bc8d5,ISM_MANUFACTURING_PMI,ISM,2021-06-01,June 2021,True,,False
662b359fdb642b99,INITIAL_JOBLESS_CLAIMS,DOL,2021-06-03,"Week ending May 29, 2021",True,,False
0acab7e90ab4d98b,NFP,BLS,2021-06-04,May 2021,True,,False
8936fc30b2aba081,UNEMPLOYMENT_RATE,BLS,2021-06-04,May 2021,True,,False
b58bab517756d819,CORE_CPI,BLS,2021-06-10,May 2021,True,,False
54030ede3fe6c86e,CPI,BLS,2021-06-10,May 2021,True,,False
5e907d218fdd49cf,INITIAL_JOBLESS_CLAIMS,DOL,2021-06-10,"Week ending June 5, 2021",True,,False
3cde86457dba5ddf,INITIAL_JOBLESS_CLAIMS,DOL,2021-06-17,"Week ending June 12, 2021",True,,False
421462cd3d268137,INITIAL_JOBLESS_CLAIMS,DOL,2021-06-24,"Week ending June 19, 2021",True,,False
98a78abb5e96d7a7,INITIAL_JOBLESS_CLAIMS,DOL,2021-07-01,"Week ending June 26, 2021",True,,False
2166123fd43b3e50,ISM_MANUFACTURING_PMI,ISM,2021-07-01,July 2021,True,,False
cf46ea344bd59405,NFP,BLS,2021-07-02,June 2021,True,,False
ce9c28c78d206145,UNEMPLOYMENT_RATE,BLS,2021-07-02,June 2021,True,,False
33e4f9aab9d8d785,INITIAL_JOBLESS_CLAIMS,DOL,2021-07-08,"Week ending July 3, 2021",True,,False
c200afc6f1bf2fe5,CORE_CPI,BLS,2021-07-13,June 2021,True,,False
66409318da619413,CPI,BLS,2021-07-13,June 2021,True,,False
d7dc9dd31d870590,INITIAL_JOBLESS_CLAIMS,DOL,2021-07-15,"Week ending July 10, 2021",True,,False
26907f3e833e6006,INITIAL_JOBLESS_CLAIMS,DOL,2021-07-22,"Week ending July 17, 2021",True,,False
a3262096145142be,INITIAL_JOBLESS_CLAIMS,DOL,2021-07-29,"Week ending July 24, 2021",True,,False
b6ddb2bb4ec3cb42,ISM_MANUFACTURING_PMI,ISM,2021-08-02,August 2021,True,,False
0eb33ddc760304e7,INITIAL_JOBLESS_CLAIMS,DOL,2021-08-05,"Week ending July 31, 2021",True,,False
69a50534e42b80f6,NFP,BLS,2021-08-06,July 2021,True,,False
bfca71082b51aeea,UNEMPLOYMENT_RATE,BLS,2021-08-06,July 2021,True,,False
b3e854d66f507e8b,CORE_CPI,BLS,2021-08-11,July 2021,True,,False
19c6dfaa12152900,CPI,BLS,2021-08-11,July 2021,True,,False
4fe22e44ae82129e,INITIAL_JOBLESS_CLAIMS,DOL,2021-08-12,"Week ending August 7, 2021",True,,False
af0de23904dc608e,INITIAL_JOBLESS_CLAIMS,DOL,2021-08-19,"Week ending August 14, 2021",True,,False
613b4ad5a02c57e5,INITIAL_JOBLESS_CLAIMS,DOL,2021-08-26,"Week ending August 21, 2021",True,,False
6a6d1c372909097a,ISM_MANUFACTURING_PMI,ISM,2021-09-01,September 2021,True,,False
f1a59a59b5eeaa6e,INITIAL_JOBLESS_CLAIMS,DOL,2021-09-02,"Week ending August 28, 2021",True,,False
71d346b723679c69,NFP,BLS,2021-09-03,August 2021,True,,False
8050c7c65140c8e5,UNEMPLOYMENT_RATE,BLS,2021-09-03,August 2021,True,,False
e9a3d20ee4732cfa,INITIAL_JOBLESS_CLAIMS,DOL,2021-09-09,"Week ending September 4, 2021",True,,False
542532dd38cd00c6,CORE_CPI,BLS,2021-09-14,August 2021,True,,False
774b0d078fff7e3b,CPI,BLS,2021-09-14,August 2021,True,,False
3576b9e2e0d0d9cd,INITIAL_JOBLESS_CLAIMS,DOL,2021-09-16,"Week ending September 11, 2021",True,,False
82f9c944b56fc305,INITIAL_JOBLESS_CLAIMS,DOL,2021-09-23,"Week ending September 18, 2021",True,,False
f46285ebd94305a2,INITIAL_JOBLESS_CLAIMS,DOL,2021-09-30,"Week ending September 25, 2021",True,,False
0df163b3ad6fe46a,ISM_MANUFACTURING_PMI,ISM,2021-10-01,October 2021,True,,False
118472af13101288,INITIAL_JOBLESS_CLAIMS,DOL,2021-10-07,"Week ending October 2, 2021",True,,False
a004abb2a2e71d0e,NFP,BLS,2021-10-08,September 2021,True,,False
0e4fd22b34876c32,UNEMPLOYMENT_RATE,BLS,2021-10-08,September 2021,True,,False
88a54dbd8ece8375,CORE_CPI,BLS,2021-10-13,September 2021,True,,False
ce7ac3f4c0decc60,CPI,BLS,2021-10-13,September 2021,True,,False
3c009c7cab326459,INITIAL_JOBLESS_CLAIMS,DOL,2021-10-14,"Week ending October 9, 2021",True,,False
e4445d0ec1707341,INITIAL_JOBLESS_CLAIMS,DOL,2021-10-21,"Week ending October 16, 2021",True,,False
68a67bccce416a08,INITIAL_JOBLESS_CLAIMS,DOL,2021-10-28,"Week ending October 23, 2021",True,,False
cd4bc9620cb80b6d,ISM_MANUFACTURING_PMI,ISM,2021-11-01,November 2021,True,,False
54f6e238562ed453,INITIAL_JOBLESS_CLAIMS,DOL,2021-11-04,"Week ending October 30, 2021",True,,False
0acf4e9f0d9366ac,NFP,BLS,2021-11-05,October 2021,True,,False
c8156e4dcb04639f,UNEMPLOYMENT_RATE,BLS,2021-11-05,October 2021,True,,False
d336702dd11c87a9,CORE_CPI,BLS,2021-11-10,October 2021,True,,False
2e94d2e02b7fb2bf,CPI,BLS,2021-11-10,October 2021,True,,False
6a73af4f22c08d56,INITIAL_JOBLESS_CLAIMS,DOL,2021-11-10,"Week ending November 6, 2021",True,,False
417853fc0ccb4ac0,INITIAL_JOBLESS_CLAIMS,DOL,2021-11-18,"Week ending November 13, 2021",True,,False
0bead19fbf7afd54,INITIAL_JOBLESS_CLAIMS,DOL,2021-11-24,"Week ending November 20, 2021",True,,False
5352ab27bb8feadd,ISM_MANUFACTURING_PMI,ISM,2021-12-01,December 2021,True,,False
f669a8f4257ad93d,INITIAL_JOBLESS_CLAIMS,DOL,2021-12-02,"Week ending November 27, 2021",True,,False
8ed059fc89a9d607,NFP,BLS,2021-12-03,November 2021,True,,False
ec10daa2692fad73,UNEMPLOYMENT_RATE,BLS,2021-12-03,November 2021,True,,False
f25b398d98a5e11b,INITIAL_JOBLESS_CLAIMS,DOL,2021-12-09,"Week ending December 4, 2021",True,,False
07b3ca89f61d2829,CORE_CPI,BLS,2021-12-10,November 2021,True,,False
44d5d0ae11edab72,CPI,BLS,2021-12-10,November 2021,True,,False
4810eb627da9064c,INITIAL_JOBLESS_CLAIMS,DOL,2021-12-16,"Week ending December 11, 2021",True,,False
08c7a256d4f467e7,INITIAL_JOBLESS_CLAIMS,DOL,2021-12-23,"Week ending December 18, 2021",True,,False
26f801c1459edab1,INITIAL_JOBLESS_CLAIMS,DOL,2021-12-30,"Week ending December 25, 2021",True,,False
4194ad413142f035,NFP,BLS,2022-01-07,December 2021,True,,False
15edaa1003cb59b5,UNEMPLOYMENT_RATE,BLS,2022-01-07,December 2021,True,,False
630d350b8e550fe2,CORE_CPI,BLS,2022-01-12,December 2021,True,,False
a1428da659ada400,CPI,BLS,2022-01-12,December 2021,True,,False
e84e819e99a81ea3,GDP,BEA,2022-06-29,Q1 2022 — Third Estimate,True,,False
11fb629e9393159b,INITIAL_JOBLESS_CLAIMS,DOL,2022-07-07,"Week ending July 2, 2022",True,,False
0e281ef4d6b16344,INITIAL_JOBLESS_CLAIMS,DOL,2022-07-14,"Week ending July 9, 2022",True,,False
9b2d047313f20483,INITIAL_JOBLESS_CLAIMS,DOL,2022-07-21,"Week ending July 16, 2022",True,,False
8189f646e3ce43c3,INITIAL_JOBLESS_CLAIMS,DOL,2022-07-28,"Week ending July 23, 2022",True,,False
41d629cf795861e3,ISM_MANUFACTURING_PMI,ISM,2022-08-01,July 2022,True,,False
37b725441f6776eb,NFP,BLS,2022-08-05,July 2022,True,,False
4005c32d0a878610,UNEMPLOYMENT_RATE,BLS,2022-08-05,July 2022,True,,False
6ea3ca13eec99b61,CORE_CPI,BLS,2022-08-10,July 2022,True,,False
85d71bc9ab475dbc,CPI,BLS,2022-08-10,July 2022,True,,False
a9a3e9b6c5f5a209,INITIAL_JOBLESS_CLAIMS,DOL,2022-08-11,"Week ending August 6, 2022",True,,False
02d981c5740dc7a8,INITIAL_JOBLESS_CLAIMS,DOL,2022-08-18,"Week ending August 13, 2022",True,,False
68ff318d87b3fcef,INITIAL_JOBLESS_CLAIMS,DOL,2022-08-25,"Week ending August 20, 2022",True,,False
e96f52804dd151c0,INITIAL_JOBLESS_CLAIMS,DOL,2022-09-01,"Week ending August 27, 2022",True,,False
89e63fe57f7b0738,ISM_MANUFACTURING_PMI,ISM,2022-09-01,August 2022,True,,False
fdd7a0811a16da15,NFP,BLS,2022-09-02,August 2022,True,,False
1b207a52253aa204,UNEMPLOYMENT_RATE,BLS,2022-09-02,August 2022,True,,False
90404d090eec6956,INITIAL_JOBLESS_CLAIMS,DOL,2022-09-08,"Week ending September 3, 2022",True,,False
4c708f18bea37c34,INITIAL_JOBLESS_CLAIMS,DOL,2022-09-15,"Week ending September 10, 2022",True,,False
6127203cee3d57dc,INITIAL_JOBLESS_CLAIMS,DOL,2022-09-22,"Week ending September 17, 2022",True,,False
b9b88e508898745c,GDP,BEA,2022-09-29,Q2 2022 — Third Estimate,True,,False
900051fc8778512b,INITIAL_JOBLESS_CLAIMS,DOL,2022-09-29,"Week ending September 24, 2022",True,,False
5625c406ec124047,ISM_MANUFACTURING_PMI,ISM,2022-10-03,September 2022,True,,False
76bf1a82a7aa344a,CORE_CPI,BLS,2022-10-13,September 2022,True,,False
366a0c6424452ef6,CPI,BLS,2022-10-13,September 2022,True,,False
57983ce0b40745c1,GDP,BEA,2022-10-27,Q3 2022 — Advance Estimate,True,,False
06a27cfcb93ec312,ISM_MANUFACTURING_PMI,ISM,2022-11-01,October 2022,True,,False
12a46c6e133331b8,NFP,BLS,2022-11-04,October 2022,True,,False
89bcef227f48db17,UNEMPLOYMENT_RATE,BLS,2022-11-04,October 2022,True,,False
12450a462bdd5092,CORE_CPI,BLS,2022-11-10,October 2022,True,,False
3617b7d323c78b49,CPI,BLS,2022-11-10,October 2022,True,,False
283940969b3a547d,GDP,BEA,2022-11-30,Q3 2022 — Second Estimate,True,,False
9fa920c5913a3c22,ISM_MANUFACTURING_PMI,ISM,2022-12-01,November 2022,True,,False
468b3fdc267732ac,GDP,BEA,2022-12-22,Q3 2022 — Third Estimate,True,,False
0e5af4169f95f61c,ISM_MANUFACTURING_PMI,ISM,2023-01-04,December 2022,True,,False
88eba698dec0658d,CORE_CPI,BLS,2023-01-12,December 2022,True,,False
b283346c85569388,CPI,BLS,2023-01-12,December 2022,True,,False
84baec9a6f30def5,GDP,BEA,2023-01-26,Q4 2022 — Advance Estimate,True,,False
59f8b4f637953cbf,ISM_MANUFACTURING_PMI,ISM,2023-02-01,January 2023,True,,False
77777498964beeb3,NFP,BLS,2023-02-03,January 2023,True,,False
2163893b9c0a0673,UNEMPLOYMENT_RATE,BLS,2023-02-03,January 2023,True,,False
99d2e2b5f4d0f4b9,CORE_CPI,BLS,2023-02-14,January 2023,True,,False
d1f8c15c7a7687a9,CPI,BLS,2023-02-14,January 2023,True,,False
6fccd7ee8e2d03a3,GDP,BEA,2023-02-23,Q4 2022 — Second Estimate,True,,False
1a9e40451ff7aceb,ISM_MANUFACTURING_PMI,ISM,2023-03-01,February 2023,True,,False
82774b3c0055ae70,NFP,BLS,2023-03-10,February 2023,True,,False
924d19ffca443019,UNEMPLOYMENT_RATE,BLS,2023-03-10,February 2023,True,,False
6d39082d5a6999ef,CORE_CPI,BLS,2023-03-14,February 2023,True,,False
9e3f74a2313c226a,CPI,BLS,2023-03-14,February 2023,True,,False
0f6dbd18f7637298,GDP,BEA,2023-03-30,Q4 2022 — Third Estimate,True,,False
bba50ad14c425a2d,ISM_MANUFACTURING_PMI,ISM,2023-04-03,March 2023,True,,False
9806e17e015ba159,NFP,BLS,2023-04-07,March 2023,True,,False
f35335608b4ef1ab,UNEMPLOYMENT_RATE,BLS,2023-04-07,March 2023,True,,False
6b250c9c80553a9d,CORE_CPI,BLS,2023-04-12,March 2023,True,,False
14d85eeeba6f605c,CPI,BLS,2023-04-12,March 2023,True,,False
02149b975e31c266,GDP,BEA,2023-04-27,Q1 2023 — Advance Estimate,True,,False
4e2cafa17e8b1b99,ISM_MANUFACTURING_PMI,ISM,2023-05-01,April 2023,True,,False
45835d1d1cdfcf15,NFP,BLS,2023-05-05,April 2023,True,,False
6ce21d2d94ee6018,UNEMPLOYMENT_RATE,BLS,2023-05-05,April 2023,True,,False
dd4ab80eb0a73994,CORE_CPI,BLS,2023-05-10,April 2023,True,,False
9dcc48992023d4ff,CPI,BLS,2023-05-10,April 2023,True,,False
34b4ac6bc1605ca8,GDP,BEA,2023-05-25,Q1 2023 — Second Estimate,True,,False
368c24d968b818f4,ISM_MANUFACTURING_PMI,ISM,2023-06-01,May 2023,True,,False
16a4ad6dbac79b5d,NFP,BLS,2023-06-02,May 2023,True,,False
64cdff2d8ed11c34,UNEMPLOYMENT_RATE,BLS,2023-06-02,May 2023,True,,False
569ed2ce95970ca4,CORE_CPI,BLS,2023-06-13,May 2023,True,,False
98fc8e5909e9a926,CPI,BLS,2023-06-13,May 2023,True,,False
499665e61e3df0b1,GDP,BEA,2023-06-29,Q1 2023 — Third Estimate,True,,False
dd447a37ddc4fcab,ISM_MANUFACTURING_PMI,ISM,2023-07-03,June 2023,True,,False
6e8dbc2d45016d40,NFP,BLS,2023-07-07,June 2023,True,,False
c34858a9edba43ae,UNEMPLOYMENT_RATE,BLS,2023-07-07,June 2023,True,,False
736befff67673f88,CORE_CPI,BLS,2023-07-12,June 2023,True,,False
3cdad6b40e757bd2,CPI,BLS,2023-07-12,June 2023,True,,False
7010baccf0967576,GDP,BEA,2023-07-27,Q2 2023 — Advance Estimate,True,,False
4db15537912cb06f,ISM_MANUFACTURING_PMI,ISM,2023-08-01,July 2023,True,,False
d3fa81388258aede,NFP,BLS,2023-08-04,July 2023,True,,False
ad6ace9fbf4a4b26,UNEMPLOYMENT_RATE,BLS,2023-08-04,July 2023,True,,False
76b5b787a98b5e48,CORE_CPI,BLS,2023-08-10,July 2023,True,,False
5fe46fac647efecd,CPI,BLS,2023-08-10,July 2023,True,,False
2c843791d4ee1838,GDP,BEA,2023-08-30,Q2 2023 — Second Estimate,True,,False
94050a89fa793037,ISM_MANUFACTURING_PMI,ISM,2023-09-01,August 2023,True,,False
fec0d9083424bf7c,NFP,BLS,2023-09-01,August 2023,True,,False
e599bef2c447a30e,UNEMPLOYMENT_RATE,BLS,2023-09-01,August 2023,True,,False
96345beb30af4d23,CORE_CPI,BLS,2023-09-13,August 2023,True,,False
43205209ed6ab62c,CPI,BLS,2023-09-13,August 2023,True,,False
3fcf3dbcf37a8054,GDP,BEA,2023-09-28,Q2 2023 — Third Estimate,True,,False
2c5491bd2ed03ede,ISM_MANUFACTURING_PMI,ISM,2023-10-02,September 2023,True,,False
4f777bc2d7409605,NFP,BLS,2023-10-06,September 2023,True,,False
024795cd19997ad5,UNEMPLOYMENT_RATE,BLS,2023-10-06,September 2023,True,,False
52bd6190e689d156,CORE_CPI,BLS,2023-10-12,September 2023,True,,False
74af0e57666553ed,CPI,BLS,2023-10-12,September 2023,True,,False
9b5c8ceef2e58cb2,GDP,BEA,2023-10-26,Q3 2023 — Advance Estimate,True,,False
c2047719041a781f,ISM_MANUFACTURING_PMI,ISM,2023-11-01,October 2023,True,,False
65e1a1d06f966c48,NFP,BLS,2023-11-03,October 2023,True,,False
74de5e90a1c9f595,UNEMPLOYMENT_RATE,BLS,2023-11-03,October 2023,True,,False
6befef8fefdb8138,CORE_CPI,BLS,2023-11-14,October 2023,True,,False
9ccd5a4736830459,CPI,BLS,2023-11-14,October 2023,True,,False
54cc60aa5774e5ca,GDP,BEA,2023-11-29,Q3 2023 — Second Estimate,True,,False
63301619eece9940,ISM_MANUFACTURING_PMI,ISM,2023-12-01,November 2023,True,,False
4b0526d26011aca9,NFP,BLS,2023-12-08,November 2023,True,,False
e24df1fa09045199,UNEMPLOYMENT_RATE,BLS,2023-12-08,November 2023,True,,False
4ee97f8e151e9d78,CORE_CPI,BLS,2023-12-12,November 2023,True,,False
d89e066befda3418,CPI,BLS,2023-12-12,November 2023,True,,False
910cbbb23badc8a7,GDP,BEA,2023-12-21,Q3 2023 — Third Estimate,True,,False
847278b25c95fb20,ISM_MANUFACTURING_PMI,ISM,2024-01-03,December 2023,True,,False
d9ddbf9e08f36781,NFP,BLS,2024-01-05,December 2023,True,,False
d0705e7bc35a9b99,UNEMPLOYMENT_RATE,BLS,2024-01-05,December 2023,True,,False
a37cf39ea37bb8c8,CORE_CPI,BLS,2024-01-11,December 2023,True,,False
7263a81e06f6cf16,CPI,BLS,2024-01-11,December 2023,True,,False
d107b7cbbc724cfa,NFP,BLS,2024-02-02,January 2024,True,,False
1d8b21ab2616e654,UNEMPLOYMENT_RATE,BLS,2024-02-02,January 2024,True,,False
b397db7d27d4625c,CORE_CPI,BLS,2024-02-13,January 2024,True,,False
c62c42780095ed58,CPI,BLS,2024-02-13,January 2024,True,,False
d4c5994014237f8d,NFP,BLS,2024-03-08,February 2024,True,,False
5deb37d89cd1f3f5,UNEMPLOYMENT_RATE,BLS,2024-03-08,February 2024,True,,False
0b1cb63b6f77f7e2,CORE_CPI,BLS,2024-03-12,February 2024,True,,False
97eb8d8fd29228fd,CPI,BLS,2024-03-12,February 2024,True,,False
d761c8552e0a38c4,NFP,BLS,2024-04-05,March 2024,True,,False
8ee07d54875344b7,UNEMPLOYMENT_RATE,BLS,2024-04-05,March 2024,True,,False
7b2d354c0b58ff49,CORE_CPI,BLS,2024-04-10,March 2024,True,,False
1fbb99c266ccd729,CPI,BLS,2024-04-10,March 2024,True,,False
5ef1190e6ab1d226,GDP,BEA,2024-04-25,Q1 2024 — Advance Estimate,True,,False
7dddd2cce0810b16,NFP,BLS,2024-05-03,April 2024,True,,False
0e9d319e967836be,UNEMPLOYMENT_RATE,BLS,2024-05-03,April 2024,True,,False
6bf701e6b29bb8bf,CORE_CPI,BLS,2024-05-15,April 2024,True,,False
000dd22e2f97a9f8,CPI,BLS,2024-05-15,April 2024,True,,False
193c7ad6dc69f6f3,GDP,BEA,2024-05-30,Q1 2024 — Second Estimate,True,,False
85a8ba5c07314a2c,NFP,BLS,2024-06-07,May 2024,True,,False
37bbf49b828263a5,UNEMPLOYMENT_RATE,BLS,2024-06-07,May 2024,True,,False
a9e54188f65d294e,CORE_CPI,BLS,2024-06-12,May 2024,True,,False
2ea4b37d593604f3,CPI,BLS,2024-06-12,May 2024,True,,False
46a8a8c6596fdb10,GDP,BEA,2024-06-27,Q1 2024 — Third Estimate,True,,False
352694f11d6aaf8d,NFP,BLS,2024-07-05,June 2024,True,,False
59a996dbbc3688a5,UNEMPLOYMENT_RATE,BLS,2024-07-05,June 2024,True,,False
4215ca77d3db1957,CORE_CPI,BLS,2024-07-11,June 2024,True,,False
4568e31d3575ddfd,CPI,BLS,2024-07-11,June 2024,True,,False
28b7f1268af9341c,GDP,BEA,2024-07-25,Q2 2024 — Advance Estimate,True,,False
0f777b432f40fb03,NFP,BLS,2024-08-02,July 2024,True,,False
ba8f86989a64c9fc,UNEMPLOYMENT_RATE,BLS,2024-08-02,July 2024,True,,False
2f04857f39901d32,CORE_CPI,BLS,2024-08-14,July 2024,True,,False
c9765a5b5d5754bc,CPI,BLS,2024-08-14,July 2024,True,,False
1c0f5726b66c9ef7,GDP,BEA,2024-08-29,Q2 2024 — Second Estimate,True,,False
ebdccb526c9ae04c,NFP,BLS,2024-09-06,August 2024,True,,False
c0a30ab8b6549da7,UNEMPLOYMENT_RATE,BLS,2024-09-06,August 2024,True,,False
924f65a3225e4fc6,CORE_CPI,BLS,2024-09-11,August 2024,True,,False
4aed3292e418a791,CPI,BLS,2024-09-11,August 2024,True,,False
130b592dc91bb768,GDP,BEA,2024-09-26,Q2 2024 — Third Estimate,True,,False
a0ec26c12d1243ea,NFP,BLS,2024-10-04,September 2024,True,,False
470518b4f1dec26e,UNEMPLOYMENT_RATE,BLS,2024-10-04,September 2024,True,,False
9f53cdb09d2b2799,CORE_CPI,BLS,2024-10-10,September 2024,True,,False
5b75ea76d2b3bbc8,CPI,BLS,2024-10-10,September 2024,True,,False
6ac381139fa879cc,GDP,BEA,2024-10-30,Q3 2024 — Advance Estimate,True,,False
00a1eebaefbbe9a2,NFP,BLS,2024-11-01,October 2024,True,,False
539f1d2a615408f7,UNEMPLOYMENT_RATE,BLS,2024-11-01,October 2024,True,,False
fb501ad594e1eb8d,CORE_CPI,BLS,2024-11-13,October 2024,True,,False
9a7bb6dd901553a2,CPI,BLS,2024-11-13,October 2024,True,,False
db9da179773ffc91,GDP,BEA,2024-11-27,Q3 2024 — Second Estimate,True,,False
a9ee16a1b97ddda9,NFP,BLS,2024-12-06,November 2024,True,,False
6891adf8458fdec4,UNEMPLOYMENT_RATE,BLS,2024-12-06,November 2024,True,,False
751ec2f8987132ef,CORE_CPI,BLS,2024-12-11,November 2024,True,,False
f60fdffe99501e98,CPI,BLS,2024-12-11,November 2024,True,,False
e15975840598792c,GDP,BEA,2024-12-19,Q3 2024 — Third Estimate,True,,False
07f4938f4db7e840,ISM_MANUFACTURING_PMI,ISM,2025-01-03,January 2025,True,,False
c7314b601275306e,INITIAL_JOBLESS_CLAIMS,DOL,2025-01-08,"Week ending January 4, 2025",True,,False
16585eef4f850b8d,NFP,BLS,2025-01-10,December 2024,True,,False
2d602db2563c3a1b,UNEMPLOYMENT_RATE,BLS,2025-01-10,December 2024,True,,False
60f1bfc7281b7e5a,CORE_CPI,BLS,2025-01-15,December 2024,True,,False
855609494e620871,CPI,BLS,2025-01-15,December 2024,True,,False
0deda181eac26266,INITIAL_JOBLESS_CLAIMS,DOL,2025-01-16,"Week ending January 11, 2025",True,,False
97c9493a89478c08,INITIAL_JOBLESS_CLAIMS,DOL,2025-01-23,"Week ending January 18, 2025",True,,False
84c8861c550c6e42,GDP,BEA,2025-01-30,Q4 2024 — Advance Estimate,True,,False
ecbb3af23fd6ebd0,INITIAL_JOBLESS_CLAIMS,DOL,2025-01-30,"Week ending January 25, 2025",True,,False
dbfe5b65a50630d4,ISM_MANUFACTURING_PMI,ISM,2025-02-03,February 2025,True,,False
d929c8b30b256ff3,INITIAL_JOBLESS_CLAIMS,DOL,2025-02-06,"Week ending February 1, 2025",True,,False
8b04b043bf13ff6f,NFP,BLS,2025-02-07,2025-01,True,,False
6b7dc9f494dc5ae6,UNEMPLOYMENT_RATE,BLS,2025-02-07,2025-01,True,,False
edbed34e9f5e648d,CORE_CPI,BLS,2025-02-12,2025-01,True,,False
959a35af118f7008,CPI,BLS,2025-02-12,2025-01,True,,False
726208202311676d,INITIAL_JOBLESS_CLAIMS,DOL,2025-02-13,"Week ending February 8, 2025",True,,False
99589c08841c5586,INITIAL_JOBLESS_CLAIMS,DOL,2025-02-20,"Week ending February 15, 2025",True,,False
82a0a258d14fb787,GDP,BEA,2025-02-27,Q4 2024 — Second Estimate,True,,False
4d3ac8946d65f2a4,INITIAL_JOBLESS_CLAIMS,DOL,2025-02-27,"Week ending February 22, 2025",True,,False
7432a0035515a5e9,ISM_MANUFACTURING_PMI,ISM,2025-03-03,March 2025,True,,False
4a0bcecf026b6650,INITIAL_JOBLESS_CLAIMS,DOL,2025-03-06,"Week ending March 1, 2025",True,,False
41b7910249a45213,NFP,BLS,2025-03-07,2025-02,True,,False
3b7271a9a6a7f475,UNEMPLOYMENT_RATE,BLS,2025-03-07,2025-02,True,,False
e0591932468a6c85,CORE_CPI,BLS,2025-03-12,2025-02,True,,False
87f925c94550b251,CPI,BLS,2025-03-12,2025-02,True,,False
094d32ca6d4c9315,INITIAL_JOBLESS_CLAIMS,DOL,2025-03-13,"Week ending March 8, 2025",True,,False
e756663407e9aff5,INITIAL_JOBLESS_CLAIMS,DOL,2025-03-20,"Week ending March 15, 2025",True,,False
148f193992c88765,GDP,BEA,2025-03-27,Q4 2024 — Third Estimate,True,,False
60dcf3f3e8852a2a,INITIAL_JOBLESS_CLAIMS,DOL,2025-03-27,"Week ending March 22, 2025",True,,False
b2aac9b600d7de53,ISM_MANUFACTURING_PMI,ISM,2025-04-01,April 2025,True,,False
ac4c5848b87dd445,INITIAL_JOBLESS_CLAIMS,DOL,2025-04-03,"Week ending March 29, 2025",True,,False
0d5c548655dcd7b8,NFP,BLS,2025-04-04,2025-03,True,,False
73e707cf1ce83048,UNEMPLOYMENT_RATE,BLS,2025-04-04,2025-03,True,,False
04c9083d9d7d93c3,CORE_CPI,BLS,2025-04-10,2025-03,True,,False
8e9d31dc9759e805,CPI,BLS,2025-04-10,2025-03,True,,False
ffc94b4a19e6f336,INITIAL_JOBLESS_CLAIMS,DOL,2025-04-10,"Week ending April 5, 2025",True,,False
7c9b3bb1e8e8fc2a,INITIAL_JOBLESS_CLAIMS,DOL,2025-04-17,"Week ending April 12, 2025",True,,False
02bb56fb9998f788,INITIAL_JOBLESS_CLAIMS,DOL,2025-04-24,"Week ending April 19, 2025",True,,False
3d26bdfae8e3f9c0,GDP,BEA,2025-04-30,Q1 2025 — Advance Estimate,True,,False
61b1f5f189b836a7,INITIAL_JOBLESS_CLAIMS,DOL,2025-05-01,"Week ending April 26, 2025",True,,False
4014feabc42fb8b3,ISM_MANUFACTURING_PMI,ISM,2025-05-01,May 2025,True,,False
f83cf4aa27790d2f,NFP,BLS,2025-05-02,2025-04,True,,False
90bb96358a1d72f4,UNEMPLOYMENT_RATE,BLS,2025-05-02,2025-04,True,,False
6506ed2a8aeaa281,INITIAL_JOBLESS_CLAIMS,DOL,2025-05-08,"Week ending May 3, 2025",True,,False
16c56039aa54367b,CORE_CPI,BLS,2025-05-13,2025-04,True,,False
722125c0d7e0adf8,CPI,BLS,2025-05-13,2025-04,True,,False
4f484c61c3dd2cac,INITIAL_JOBLESS_CLAIMS,DOL,2025-05-15,"Week ending May 10, 2025",True,,False
862f589cef987111,INITIAL_JOBLESS_CLAIMS,DOL,2025-05-22,"Week ending May 17, 2025",True,,False
ef6a955bf4ce1d79,GDP,BEA,2025-05-29,Q1 2025 — Second Estimate,True,,False
3b64e7931a013f50,INITIAL_JOBLESS_CLAIMS,DOL,2025-05-29,"Week ending May 24, 2025",True,,False
d867d4b224f81259,ISM_MANUFACTURING_PMI,ISM,2025-06-02,June 2025,True,,False
0af18979f160b77f,INITIAL_JOBLESS_CLAIMS,DOL,2025-06-05,"Week ending May 31, 2025",True,,False
cc37e33cc7ab7b91,NFP,BLS,2025-06-06,2025-05,True,,False
082c77772fb25b9f,UNEMPLOYMENT_RATE,BLS,2025-06-06,2025-05,True,,False
a2d6b5efc892bddf,CORE_CPI,BLS,2025-06-11,2025-05,True,,False
16b0f45939592255,CPI,BLS,2025-06-11,2025-05,True,,False
70f5a16f0f1716e0,INITIAL_JOBLESS_CLAIMS,DOL,2025-06-12,"Week ending June 7, 2025",True,,False
a05c3851ae630ab7,INITIAL_JOBLESS_CLAIMS,DOL,2025-06-18,"Week ending June 14, 2025",True,,False
88e871beeffda48e,GDP,BEA,2025-06-26,Q1 2025 — Third Estimate,True,,False
257a83fb880502da,INITIAL_JOBLESS_CLAIMS,DOL,2025-06-26,"Week ending June 21, 2025",True,,False
496635258b1cb895,ISM_MANUFACTURING_PMI,ISM,2025-07-01,July 2025,True,,False
c5250cc0a4839c45,INITIAL_JOBLESS_CLAIMS,DOL,2025-07-03,"Week ending June 28, 2025",True,,False
da45c40e2c40704d,NFP,BLS,2025-07-03,2025-06,True,,False
570ef944cf20be04,UNEMPLOYMENT_RATE,BLS,2025-07-03,2025-06,True,,False
7a2797b57a28c5d7,CORE_CPI,BLS,2025-07-15,2025-06,True,,False
9c86a8d7586655c6,CPI,BLS,2025-07-15,2025-06,True,,False
854685f914700b5a,GDP,BEA,2025-07-30,Q2 2025 — Advance Estimate,True,,False
371dc14b3ca69424,ISM_MANUFACTURING_PMI,ISM,2025-08-01,August 2025,True,,False
5beb74c652320940,NFP,BLS,2025-08-01,2025-07,True,,False
b6ce0f0472d92b05,UNEMPLOYMENT_RATE,BLS,2025-08-01,2025-07,True,,False
c0df925e3a7d1f52,CORE_CPI,BLS,2025-08-12,2025-07,True,,False
2a0565e04de71c4c,CPI,BLS,2025-08-12,2025-07,True,,False
f598e05f8259c990,GDP,BEA,2025-08-28,Q2 2025 — Second Estimate,True,,False
b044e289edf162c9,ISM_MANUFACTURING_PMI,ISM,2025-09-02,September 2025,True,,False
d28659c4ed8ca900,NFP,BLS,2025-09-05,2025-08,True,,False
8084098a0b1cae60,UNEMPLOYMENT_RATE,BLS,2025-09-05,2025-08,True,,False
9819f0333b2137dc,CORE_CPI,BLS,2025-09-11,2025-08,True,,False
873cee861a04684d,CPI,BLS,2025-09-11,2025-08,True,,False
45483dd14988dd10,GDP,BEA,2025-09-25,Q2 2025 — Third Estimate,True,,False
b01917b9f7f7ec0e,ISM_MANUFACTURING_PMI,ISM,2025-10-01,October 2025,True,,False
855b5bd1e4388520,CORE_CPI,BLS,2025-10-24,2025-09,True,,False
f3567a67e1ffa495,CPI,BLS,2025-10-24,2025-09,True,,False
794d43ea188719e2,ISM_MANUFACTURING_PMI,ISM,2025-11-03,November 2025,True,,False
c5cfd031fca765bb,NFP,BLS,2025-11-20,2025-09,True,,False
77877fc0caf9c0d8,UNEMPLOYMENT_RATE,BLS,2025-11-20,2025-09,True,,False
0420cdc6e35a3e91,ISM_MANUFACTURING_PMI,ISM,2025-12-01,December 2025,True,,False
cd61693d9de44690,NFP,BLS,2025-12-16,2025-10,True,,False
7830d3cb906e160f,NFP,BLS,2025-12-16,2025-11,True,,False
e32008586f982cb9,UNEMPLOYMENT_RATE,BLS,2025-12-16,2025-11,True,,False
88f753e34a436fdf,GDP,BEA,2025-12-23,Q3 2025 — Initial Estimate,True,,False
83392383f28396e5,NFP,BLS,2026-01-09,2025-12,True,,False
29bb97dcc919e0a1,UNEMPLOYMENT_RATE,BLS,2026-01-09,2025-12,True,,False
659114734e98e266,CORE_CPI,BLS,2026-01-13,2025-12,True,,False
516696cfdad2d445,CPI,BLS,2026-01-13,2025-12,True,,False
8cecc4b5feb3f756,GDP,BEA,2026-01-22,Q3 2025 — Updated Estimate,True,,False
5f22566612ed1498,GDP,BEA,2026-02-20,Q4 2025 — Advance Estimate,True,,False
99dae6b69ee8115a,GDP,BEA,2026-03-13,Q4 2025 — Second Estimate,True,,False
c8527c2b8a8602fa,GDP,BEA,2026-04-09,Q4 2025 — Third Estimate,True,,False
CPI|2026-09-11|August 2026,CPI,BLS,2026-09-11,August 2026,True,,False
CORE_CPI|2026-09-11|August 2026,CORE_CPI,BLS,2026-09-11,August 2026,True,,False
NFP|2026-09-04|August 2026,NFP,BLS,2026-09-04,August 2026,True,,False
UNEMPLOYMENT_RATE|2026-09-04|August 2026,UNEMPLOYMENT_RATE,BLS,2026-09-04,August 2026,True,,False
ISM_MANUFACTURING_PMI|2026-09-09|August 2026,ISM_MANUFACTURING_PMI,ISM,2026-09-09,August 2026,True,,False
GDP|2026-08-26|Q2 2026 — Second Estimate,GDP,BEA,2026-08-26,Q2 2026 — Second Estimate,True,,False
"INITIAL_JOBLESS_CLAIMS|2026-09-17|Week ending September 12, 2026",INITIAL_JOBLESS_CLAIMS,DOL,2026-09-17,"Week ending September 12, 2026",True,,False
