event_id,source_type,source,topic,published_at,availability_date,title,url,language,country,tone,topic_relevance_title,point_in_time_safe,pit_status,age_days,freshness_status,quality_status,quality_gate,decision_role,research_only,event_class,dedup_key,is_duplicate,research_relevance,importance_rule
1dc1ce2e22044371f34376b11cd789ac,OFFICIAL_RSS,U.S. Census Bureau,growth,2026-10-01T14:00:00+00:00,2026-10-01T14:00:00+00:00,Construction Spending,https://www.census.gov/construction/c30/c30index.html,en,US,0.0,0.0,True,PIT_SAFE,0.417,CURRENT,MEDIUM,ELIGIBLE,CONTEXTUAL,True,OTHER_OFFICIAL,https://www.census.gov/construction/c30/c30index.html,False,MEDIUM,title/topic heuristic; contextual only
6403292fda077fd8abc027ad0280d251,OFFICIAL_RSS,Federal Reserve,fed,2026-09-30T13:00:00+00:00,2026-09-30T13:00:00+00:00,Federal Reserve Board finalizes changes to enhance the transparency and public accountability of its stress test and reduce volatility in its stress test-related capital requirements,https://www.federalreserve.gov/newsevents/pressreleases/bcreg20260930a.htm,en,US,0.0,0.25,True,PIT_SAFE,1.458,CURRENT,MEDIUM,ELIGIBLE,CONTEXTUAL,True,OTHER_OFFICIAL,https://www.federalreserve.gov/newsevents/pressreleases/bcreg20260930a.htm,False,MEDIUM,title/topic heuristic; contextual only
16d955f15a74a8f4f3c9d27a234b27e1,OFFICIAL_RSS,BEA,growth,2026-09-30T12:31:00+00:00,2026-09-30T12:31:00+00:00,"Personal Income and Outlays, August 2026",https://www.bea.gov/news/2026/personal-income-and-outlays-august-2026,en,US,0.0,0.25,True,PIT_SAFE,1.478,CURRENT,MEDIUM,ELIGIBLE,CONTEXTUAL,True,MACRO_RELEASE,https://www.bea.gov/news/2026/personal-income-and-outlays-august-2026,False,HIGH,title/topic heuristic; contextual only
d807a3c8f9a1d2daeadd26167ef7ae11,OFFICIAL_RSS,BEA,growth,2026-09-30T12:30:00+00:00,2026-09-30T12:30:00+00:00,"GDP, (Third Estimate), Industries, Corporate Profits, State GDP, and State Personal Income, 2nd Quarter 2026; State PCE, 2025",https://www.bea.gov/news/2026/gdp-third-estimate-industries-corporate-profits-state-gdp-and-state-personal-income-2nd,en,US,0.0,0.5,True,PIT_SAFE,1.479,CURRENT,MEDIUM,ELIGIBLE,CONTEXTUAL,True,MACRO_RELEASE,https://www.bea.gov/news/2026/gdp-third-estimate-industries-corporate-profits-state-gdp-and-state-personal-income-2nd,False,HIGH,title/topic heuristic; contextual only
1792de6d3f4f4a46f6d9670a5214a5ca,OFFICIAL_RSS,U.S. Census Bureau,growth,2026-09-30T12:30:00+00:00,2026-09-30T12:30:00+00:00,Advance Retail Inventories,https://www.census.gov/econ/indicators/index.html,en,US,0.0,0.0,True,PIT_SAFE,1.479,CURRENT,MEDIUM,ELIGIBLE,CONTEXTUAL,True,OTHER_OFFICIAL,https://www.census.gov/econ/indicators/index.html,False,MEDIUM,title/topic heuristic; contextual only
ec59ccecda2e1517adce2f98108e80ff,OFFICIAL_RSS,U.S. Census Bureau,growth,2026-09-30T12:30:00+00:00,2026-09-30T12:30:00+00:00,Advance U.S. International Trade in Goods,https://www.census.gov/econ/indicators/index.html,en,US,0.0,0.25,True,PIT_SAFE,1.479,CURRENT,MEDIUM,ELIGIBLE,CONTEXTUAL,True,OTHER_OFFICIAL,https://www.census.gov/econ/indicators/index.html,True,MEDIUM,title/topic heuristic; contextual only
c523d812954a92dce6b18797441fb631,OFFICIAL_RSS,U.S. Census Bureau,growth,2026-09-30T12:30:00+00:00,2026-09-30T12:30:00+00:00,Advance Wholesale Inventories,https://www.census.gov/econ/indicators/index.html,en,US,0.0,0.0,True,PIT_SAFE,1.479,CURRENT,MEDIUM,ELIGIBLE,CONTEXTUAL,True,OTHER_OFFICIAL,https://www.census.gov/econ/indicators/index.html,True,MEDIUM,title/topic heuristic; contextual only
5730d8f234e2ab2266d0696cbbe296ec,OFFICIAL_RSS,Federal Reserve,fed,2026-09-29T20:00:00+00:00,2026-09-29T20:00:00+00:00,Agencies publish resolution plan feedback letters for 15 banking organizations,https://www.federalreserve.gov/newsevents/pressreleases/bcreg20260929a.htm,en,US,0.0,0.0,True,PIT_SAFE,2.167,CURRENT,MEDIUM,ELIGIBLE,CONTEXTUAL,True,OTHER_OFFICIAL,https://www.federalreserve.gov/newsevents/pressreleases/bcreg20260929a.htm,False,MEDIUM,title/topic heuristic; contextual only
18550a68fafd0ad6784aa6cc576cb57d,OFFICIAL_RSS,Federal Reserve,fed,2026-09-25T20:30:00+00:00,2026-09-25T20:30:00+00:00,Federal Reserve Board announces approval of application by Peoples Bancorp Inc.,https://www.federalreserve.gov/newsevents/pressreleases/orders20260925a.htm,en,US,0.0,0.25,True,PIT_SAFE,6.146,CURRENT,MEDIUM,ELIGIBLE,CONTEXTUAL,True,ADMINISTRATIVE,https://www.federalreserve.gov/newsevents/pressreleases/orders20260925a.htm,False,MEDIUM,title/topic heuristic; contextual only
231c720d0dc60ba422aa286a5e78d06d,OFFICIAL_RSS,U.S. Census Bureau,growth,2026-09-25T12:30:00+00:00,2026-09-25T12:30:00+00:00,"Advance Monthly Manufacturers' Shipments, Inventories, and Orders",https://www.census.gov/manufacturing/m3/,en,US,0.0,0.0,True,PIT_SAFE,6.479,CURRENT,MEDIUM,ELIGIBLE,CONTEXTUAL,True,OTHER_OFFICIAL,https://www.census.gov/manufacturing/m3/,False,MEDIUM,title/topic heuristic; contextual only
7b74d5b6d1310e69fd4ac8eefbaf2dc3,OFFICIAL_RSS,Federal Reserve,fed,2026-09-24T18:30:00+00:00,2026-09-24T18:30:00+00:00,Federal Reserve Board requests public comment on two proposals related to establishing a regulatory framework for Board-supervised payment stablecoin issuers under the GENIUS Act,https://www.federalreserve.gov/newsevents/pressreleases/bcreg20260924a.htm,en,US,0.0,0.25,True,PIT_SAFE,7.229,AGING,MEDIUM,DEGRADED,CONTEXTUAL,True,OTHER_OFFICIAL,https://www.federalreserve.gov/newsevents/pressreleases/bcreg20260924a.htm,False,MEDIUM,title/topic heuristic; contextual only
825894adc3bde7d336a71fe7d722d504,OFFICIAL_RSS,Federal Reserve,fed,2026-09-24T15:00:00+00:00,2026-09-24T15:00:00+00:00,Federal Reserve Board issues enforcement action with former employee of Sandy Spring Bank,https://www.federalreserve.gov/newsevents/pressreleases/enforcement20260924a.htm,en,US,0.0,0.25,True,PIT_SAFE,7.375,AGING,MEDIUM,DEGRADED,CONTEXTUAL,True,ADMINISTRATIVE,https://www.federalreserve.gov/newsevents/pressreleases/enforcement20260924a.htm,False,MEDIUM,title/topic heuristic; contextual only
14b23b813930568aeb7a173d5c8268a7,OFFICIAL_RSS,U.S. Census Bureau,growth,2026-09-24T14:00:00+00:00,2026-09-24T14:00:00+00:00,New Home Sales,https://www.census.gov/construction/nrs/,en,US,0.0,0.0,True,PIT_SAFE,7.417,AGING,MEDIUM,DEGRADED,CONTEXTUAL,True,OTHER_OFFICIAL,https://www.census.gov/construction/nrs/,False,MEDIUM,title/topic heuristic; contextual only
500b8bc3914e69a1816a1a950b528a4d,OFFICIAL_RSS,BEA,growth,2026-09-24T12:30:00+00:00,2026-09-24T12:30:00+00:00,"U.S. International Transactions and Investment Position, 2nd Quarter 2026",https://bea.gov/news/2026/us-international-transactions-and-investment-position-2nd-quarter-2026,en,US,0.0,0.0,True,PIT_SAFE,7.479,AGING,MEDIUM,DEGRADED,CONTEXTUAL,True,OTHER_OFFICIAL,https://bea.gov/news/2026/us-international-transactions-and-investment-position-2nd-quarter-2026,False,MEDIUM,title/topic heuristic; contextual only
0f50c6489a6bf4e48d7c27feb0d56e55,OFFICIAL_RSS,Federal Reserve,fed,2026-09-22T20:30:00+00:00,2026-09-22T20:30:00+00:00,Federal Reserve Board announces approval of application by BancFirst Corporation,https://www.federalreserve.gov/newsevents/pressreleases/orders20260922a.htm,en,US,0.0,0.25,True,PIT_SAFE,9.146,AGING,MEDIUM,DEGRADED,CONTEXTUAL,True,ADMINISTRATIVE,https://www.federalreserve.gov/newsevents/pressreleases/orders20260922a.htm,False,MEDIUM,title/topic heuristic; contextual only
4c263769548d9e2f611a7027cceafe52,OFFICIAL_RSS,Federal Reserve,fed,2026-09-18T15:00:00+00:00,2026-09-18T15:00:00+00:00,Federal Reserve Board announces termination of enforcement action with SNB Bancshares and Bank of Eufaula,https://www.federalreserve.gov/newsevents/pressreleases/enforcement20260918b.htm,en,US,0.0,0.25,True,PIT_SAFE,13.375,AGING,MEDIUM,DEGRADED,CONTEXTUAL,True,ADMINISTRATIVE,https://www.federalreserve.gov/newsevents/pressreleases/enforcement20260918b.htm,False,MEDIUM,title/topic heuristic; contextual only
72ef8e0c1c205e871f910f3318fdb403,OFFICIAL_RSS,Federal Reserve,fed,2026-09-18T15:00:00+00:00,2026-09-18T15:00:00+00:00,"Federal Reserve Board issues enforcement actions with former employee of Northstar Bank, former employee of American Express Travel Related Services Company, Inc., and former employee of Regions Bank",https://www.federalreserve.gov/newsevents/pressreleases/enforcement20260918a.htm,en,US,0.0,0.25,True,PIT_SAFE,13.375,AGING,MEDIUM,DEGRADED,CONTEXTUAL,True,ADMINISTRATIVE,https://www.federalreserve.gov/newsevents/pressreleases/enforcement20260918a.htm,False,MEDIUM,title/topic heuristic; contextual only
cf441e92d762b7752c2e60681e208bfa,OFFICIAL_RSS,U.S. Census Bureau,growth,2026-09-17T12:30:00+00:00,2026-09-17T12:30:00+00:00,New Residential Construction,https://www.census.gov/construction/nrc/index.html,en,US,0.0,0.0,True,PIT_SAFE,14.479,AGING,MEDIUM,DEGRADED,CONTEXTUAL,True,OTHER_OFFICIAL,https://www.census.gov/construction/nrc/index.html,False,MEDIUM,title/topic heuristic; contextual only
2df28e963521ae140b8b1e616cb60946,OFFICIAL_RSS,Federal Reserve,fed,2026-09-16T18:00:00+00:00,2026-09-16T18:00:00+00:00,Federal Reserve Board and Federal Open Market Committee release economic projections from the September 15-16 FOMC meeting,https://www.federalreserve.gov/newsevents/pressreleases/monetary20260916b.htm,en,US,0.0,0.5,True,PIT_SAFE,15.25,AGING,MEDIUM,DEGRADED,CONTEXTUAL,True,POLICY_EVENT,https://www.federalreserve.gov/newsevents/pressreleases/monetary20260916b.htm,False,HIGH,title/topic heuristic; contextual only
7f3675c9fbe0c9228937009944b69230,OFFICIAL_RSS,Federal Reserve,fed,2026-09-16T18:00:00+00:00,2026-09-16T18:00:00+00:00,Federal Reserve issues FOMC statement,https://www.federalreserve.gov/newsevents/pressreleases/monetary20260916a.htm,en,US,0.0,0.5,True,PIT_SAFE,15.25,AGING,MEDIUM,DEGRADED,CONTEXTUAL,True,POLICY_EVENT,https://www.federalreserve.gov/newsevents/pressreleases/monetary20260916a.htm,False,HIGH,title/topic heuristic; contextual only
39e5bf2af6167a903f676123232f68a8,OFFICIAL_RSS,U.S. Census Bureau,growth,2026-09-16T14:00:00+00:00,2026-09-16T14:00:00+00:00,Manufacturing and Trade Inventories and Sales,https://www.census.gov/mtis/index.html,en,US,0.0,0.25,True,PIT_SAFE,15.417,AGING,MEDIUM,DEGRADED,CONTEXTUAL,True,OTHER_OFFICIAL,https://www.census.gov/mtis/index.html,False,MEDIUM,title/topic heuristic; contextual only
44266a0a99841f37a23b961b5f075ccc,OFFICIAL_RSS,U.S. Census Bureau,growth,2026-09-16T12:30:00+00:00,2026-09-16T12:30:00+00:00,Advance Monthly Sales for Retail and Food Services,https://www.census.gov/retail/index.html,en,US,0.0,0.0,True,PIT_SAFE,15.479,AGING,MEDIUM,DEGRADED,CONTEXTUAL,True,OTHER_OFFICIAL,https://www.census.gov/retail/index.html,False,MEDIUM,title/topic heuristic; contextual only
e29c67ded2c1e9d396d7bbb09e97359a,OFFICIAL_RSS,Federal Reserve,fed,2026-09-11T14:00:00+00:00,2026-09-11T14:00:00+00:00,Agencies seek comment on proposed third-party risk management guidance and issue statement on community bank engagement with core service providers,https://www.federalreserve.gov/newsevents/pressreleases/bcreg20260911a.htm,en,US,0.0,0.0,True,PIT_SAFE,20.417,AGING,MEDIUM,DEGRADED,CONTEXTUAL,True,OTHER_OFFICIAL,https://www.federalreserve.gov/newsevents/pressreleases/bcreg20260911a.htm,False,MEDIUM,title/topic heuristic; contextual only
8b85a4ad9d054c6907ffa3f05179dbac,OFFICIAL_RSS,U.S. Census Bureau,growth,2026-09-11T14:00:00+00:00,2026-09-11T14:00:00+00:00,Business Formation Statistics,https://www.census.gov/econ/bfs/,en,US,0.0,0.0,True,PIT_SAFE,20.417,AGING,MEDIUM,DEGRADED,CONTEXTUAL,True,OTHER_OFFICIAL,https://www.census.gov/econ/bfs/,False,MEDIUM,title/topic heuristic; contextual only
66e488e5df4fd384cc0da75bf89c1f28,OFFICIAL_RSS,Federal Reserve,fed,2026-09-10T20:00:00+00:00,2026-09-10T20:00:00+00:00,"Agencies reduce regulatory burden for community banks, increase eligibility for 18-month exam cycle",https://www.federalreserve.gov/newsevents/pressreleases/bcreg20260910a.htm,en,US,1.0,0.0,True,PIT_SAFE,21.167,AGING,MEDIUM,DEGRADED,CONTEXTUAL,True,OTHER_OFFICIAL,https://www.federalreserve.gov/newsevents/pressreleases/bcreg20260910a.htm,False,MEDIUM,title/topic heuristic; contextual only
fe23f48b1932b8cf17050c5527dca466,OFFICIAL_RSS,U.S. Census Bureau,growth,2026-09-10T14:00:00+00:00,2026-09-10T14:00:00+00:00,Monthly Wholesale Trade: Sales and Inventories,https://www.census.gov/wholesale/index.html,en,US,0.0,0.25,True,PIT_SAFE,21.417,AGING,MEDIUM,DEGRADED,CONTEXTUAL,True,OTHER_OFFICIAL,https://www.census.gov/wholesale/index.html,False,MEDIUM,title/topic heuristic; contextual only
ed362805f34e8f10b6a4828cbf1e14d6,OFFICIAL_RSS,U.S. Census Bureau,growth,2026-09-09T14:00:00+00:00,2026-09-09T14:00:00+00:00,Quarterly Services Survey,https://www.census.gov/services/index.html,en,US,0.0,0.0,True,PIT_SAFE,22.417,AGING,MEDIUM,DEGRADED,CONTEXTUAL,True,OTHER_OFFICIAL,https://www.census.gov/services/index.html,False,MEDIUM,title/topic heuristic; contextual only
9900b31ddb9c87c55bdb99002955a798,OFFICIAL_RSS,U.S. Census Bureau,growth,2026-09-08T14:00:00+00:00,2026-09-08T14:00:00+00:00,Quarterly Financial Report,https://www.census.gov/econ/qfr/,en,US,0.0,0.0,True,PIT_SAFE,23.417,AGING,MEDIUM,DEGRADED,CONTEXTUAL,True,OTHER_OFFICIAL,https://www.census.gov/econ/qfr/,False,MEDIUM,title/topic heuristic; contextual only
d8af243bed7ac8faf736d74bbe76a69e,OFFICIAL_RSS,U.S. Census Bureau,growth,2026-09-08T14:00:00+00:00,2026-09-08T14:00:00+00:00,Quarterly Financial Report - Retail,https://www.census.gov/econ/qfr/,en,US,0.0,0.0,True,PIT_SAFE,23.417,AGING,MEDIUM,DEGRADED,CONTEXTUAL,True,OTHER_OFFICIAL,https://www.census.gov/econ/qfr/,True,MEDIUM,title/topic heuristic; contextual only
c002b5c4c01bdad6fa383395fd49d130,OFFICIAL_RSS,Federal Reserve,fed,2026-09-04T15:00:00+00:00,2026-09-04T15:00:00+00:00,"Federal Reserve Board announces termination of enforcement actions with United Texas Bank, Quontic Bank Acquisition Corp., and Quontic Bank Holdings Corp.",https://www.federalreserve.gov/newsevents/pressreleases/enforcement20260904a.htm,en,US,0.0,0.25,True,PIT_SAFE,27.375,AGING,MEDIUM,DEGRADED,CONTEXTUAL,True,ADMINISTRATIVE,https://www.federalreserve.gov/newsevents/pressreleases/enforcement20260904a.htm,False,MEDIUM,title/topic heuristic; contextual only
c8559504facd4c2026612432aaba68d1,OFFICIAL_RSS,BEA,growth,2026-09-03T12:30:00+00:00,2026-09-03T12:30:00+00:00,"U.S. International Trade in Goods and Services, July 2026",https://www.bea.gov/news/2026/us-international-trade-goods-and-services-july-2026,en,US,0.0,0.25,True,PIT_SAFE,28.479,AGING,MEDIUM,DEGRADED,CONTEXTUAL,True,OTHER_OFFICIAL,https://www.bea.gov/news/2026/us-international-trade-goods-and-services-july-2026,False,MEDIUM,title/topic heuristic; contextual only
e1e510a811505901d2bdcf71d4e4b983,OFFICIAL_RSS,U.S. Census Bureau,growth,2026-09-03T12:30:00+00:00,2026-09-03T12:30:00+00:00,U.S. International Trade in Goods and Services,https://www.census.gov/foreign-trade/index.html,en,US,0.0,0.25,True,PIT_SAFE,28.479,AGING,MEDIUM,DEGRADED,CONTEXTUAL,True,OTHER_OFFICIAL,https://www.census.gov/foreign-trade/index.html,False,MEDIUM,title/topic heuristic; contextual only
80ef463c2c100ab426889e3aea961393,OFFICIAL_RSS,U.S. Census Bureau,growth,2026-09-02T14:00:00+00:00,2026-09-02T14:00:00+00:00,"Manufacturers' Shipments, Inventories, and Orders",https://www.census.gov/manufacturing/m3/,en,US,0.0,0.0,True,PIT_SAFE,29.417,AGING,MEDIUM,DEGRADED,CONTEXTUAL,True,OTHER_OFFICIAL,https://www.census.gov/manufacturing/m3/,True,MEDIUM,title/topic heuristic; contextual only
2a159d67585d209ecd47161b2e54d6a5,OFFICIAL_RSS,Federal Reserve,fed,2026-08-27T15:00:00+00:00,2026-08-27T15:00:00+00:00,Federal Reserve Board issues enforcement action with former employee of Banco Popular de Puerto Rico,https://www.federalreserve.gov/newsevents/pressreleases/enforcement20260827a.htm,en,US,0.0,0.25,True,PIT_SAFE,35.375,STALE,MEDIUM,DEGRADED,CONTEXTUAL,True,ADMINISTRATIVE,https://www.federalreserve.gov/newsevents/pressreleases/enforcement20260827a.htm,False,MEDIUM,title/topic heuristic; contextual only
7c329c826b57c9bbd679a6f635c4439a,OFFICIAL_RSS,BEA,growth,2026-08-26T12:30:00+00:00,2026-08-26T12:30:00+00:00,"Personal Income and Outlays, July 2026",https://www.bea.gov/news/2026/personal-income-and-outlays-july-2026,en,US,0.0,0.25,True,PIT_SAFE,36.479,STALE,MEDIUM,DEGRADED,CONTEXTUAL,True,MACRO_RELEASE,https://www.bea.gov/news/2026/personal-income-and-outlays-july-2026,False,HIGH,title/topic heuristic; contextual only
c31a5f86b7e26e0e5f7bea39fe7b9c4b,OFFICIAL_RSS,Federal Reserve,fed,2026-08-25T18:00:00+00:00,2026-08-25T18:00:00+00:00,"Minutes of the Board's discount rate meetings on July 20 and July 29, 2026",https://www.federalreserve.gov/newsevents/pressreleases/monetary20260825a.htm,en,US,0.0,0.0,True,PIT_SAFE,37.25,STALE,MEDIUM,DEGRADED,CONTEXTUAL,True,POLICY_EVENT,https://www.federalreserve.gov/newsevents/pressreleases/monetary20260825a.htm,False,HIGH,title/topic heuristic; contextual only
0cd2c05897c8e36dcbeb5eb9fa64b651,OFFICIAL_RSS,Federal Reserve,fed,2026-08-20T20:00:00+00:00,2026-08-20T20:00:00+00:00,Federal Reserve Board announces approval of application by National Westminster Bank Plc,https://www.federalreserve.gov/newsevents/pressreleases/orders20260820a.htm,en,US,0.0,0.25,True,PIT_SAFE,42.167,STALE,MEDIUM,DEGRADED,CONTEXTUAL,True,ADMINISTRATIVE,https://www.federalreserve.gov/newsevents/pressreleases/orders20260820a.htm,False,MEDIUM,title/topic heuristic; contextual only
db298e28d06da9b9e5e8a0338c80ba56,OFFICIAL_RSS,Federal Reserve,fed,2026-08-20T15:00:00+00:00,2026-08-20T15:00:00+00:00,"Federal Reserve Board issues enforcement action with SouthPoint Bancshares, Inc. and announces termination of enforcement action with Deutsche Bank AG, DB USA Corporation, and Deutsche Bank AG New York Branch",https://www.federalreserve.gov/newsevents/pressreleases/enforcement20260820b.htm,en,US,0.0,0.25,True,PIT_SAFE,42.375,STALE,MEDIUM,DEGRADED,CONTEXTUAL,True,ADMINISTRATIVE,https://www.federalreserve.gov/newsevents/pressreleases/enforcement20260820b.htm,False,MEDIUM,title/topic heuristic; contextual only
ab33eaca7f39f0f77d859d8357fc11f9,OFFICIAL_RSS,Federal Reserve,fed,2026-08-20T15:00:00+00:00,2026-08-20T15:00:00+00:00,Federal Reserve Board issues enforcement actions with former employee of Regions Bank and former employee of United Community Bank,https://www.federalreserve.gov/newsevents/pressreleases/enforcement20260820a.htm,en,US,0.0,0.25,True,PIT_SAFE,42.375,STALE,MEDIUM,DEGRADED,CONTEXTUAL,True,ADMINISTRATIVE,https://www.federalreserve.gov/newsevents/pressreleases/enforcement20260820a.htm,False,MEDIUM,title/topic heuristic; contextual only
a9989b3116829dcc65d1408de2d7f8b7,OFFICIAL_RSS,Federal Reserve,fed,2026-08-19T18:00:00+00:00,2026-08-19T18:00:00+00:00,"Minutes of the Federal Open Market Committee, July 28–29, 2026",https://www.federalreserve.gov/newsevents/pressreleases/monetary20260819a.htm,en,US,0.0,0.0,True,PIT_SAFE,43.25,STALE,MEDIUM,DEGRADED,CONTEXTUAL,True,POLICY_EVENT,https://www.federalreserve.gov/newsevents/pressreleases/monetary20260819a.htm,False,HIGH,title/topic heuristic; contextual only
925f125439876f51893ec30fc6db7821,OFFICIAL_RSS,Federal Reserve,fed,2026-08-13T15:00:00+00:00,2026-08-13T15:00:00+00:00,Federal Reserve Board issues enforcement action with former employee of Regions Bank,https://www.federalreserve.gov/newsevents/pressreleases/enforcement20260813a.htm,en,US,0.0,0.25,True,PIT_SAFE,49.375,STALE,MEDIUM,DEGRADED,CONTEXTUAL,True,ADMINISTRATIVE,https://www.federalreserve.gov/newsevents/pressreleases/enforcement20260813a.htm,False,MEDIUM,title/topic heuristic; contextual only
44e8acfe050649d43f1aac81e2a9638e,OFFICIAL_RSS,BEA,growth,2026-07-30T12:30:00+00:00,2026-07-30T12:30:00+00:00,"Personal Income and Outlays, June 2026",https://www.bea.gov/news/2026/personal-income-and-outlays-june-2026,en,US,0.0,0.25,True,PIT_SAFE,63.479,STALE,MEDIUM,DEGRADED,CONTEXTUAL,True,MACRO_RELEASE,https://www.bea.gov/news/2026/personal-income-and-outlays-june-2026,False,HIGH,title/topic heuristic; contextual only
ee1975da5da3dad7fcf67200cfc5b2db,OFFICIAL_RSS,Federal Reserve,fed,2026-07-29T18:00:00+00:00,2026-07-29T18:00:00+00:00,Federal Reserve issues FOMC statement,https://www.federalreserve.gov/newsevents/pressreleases/monetary20260729a.htm,en,US,0.0,0.5,True,PIT_SAFE,64.25,STALE,MEDIUM,DEGRADED,CONTEXTUAL,True,POLICY_EVENT,https://www.federalreserve.gov/newsevents/pressreleases/monetary20260729a.htm,False,HIGH,title/topic heuristic; contextual only
1db642a2da96883db859cda3198034fc,OFFICIAL_RSS,U.S. Census Bureau,growth,2026-07-28T14:00:00+00:00,2026-07-28T14:00:00+00:00,Housing Vacancies and Homeownership,https://www.census.gov/housing/hvs/,en,US,0.0,0.0,True,PIT_SAFE,65.417,STALE,MEDIUM,DEGRADED,CONTEXTUAL,True,OTHER_OFFICIAL,https://www.census.gov/housing/hvs/,False,MEDIUM,title/topic heuristic; contextual only
7098de83ac7e29b0416ca601eb97b33c,OFFICIAL_RSS,U.S. Census Bureau,growth,2026-07-28T14:00:00+00:00,2026-07-28T14:00:00+00:00,Rental Vacancy Rate,https://www.census.gov/housing/hvs/,en,US,0.0,0.0,True,PIT_SAFE,65.417,STALE,MEDIUM,DEGRADED,CONTEXTUAL,True,OTHER_OFFICIAL,https://www.census.gov/housing/hvs/,True,MEDIUM,title/topic heuristic; contextual only
b6ada6061dc05b46ed2d8d3cc3f1fac8,OFFICIAL_RSS,BEA,growth,2026-07-21T12:30:00+00:00,2026-07-21T12:30:00+00:00,"Direct Investment by Country and Industry, 2025",https://www.bea.gov/news/2026/direct-investment-country-and-industry-2025,en,US,0.0,0.0,True,PIT_SAFE,72.479,STALE,MEDIUM,DEGRADED,CONTEXTUAL,True,OTHER_OFFICIAL,https://www.bea.gov/news/2026/direct-investment-country-and-industry-2025,False,MEDIUM,title/topic heuristic; contextual only
d672375b47107ed588bae2e89ed11fb0,OFFICIAL_RSS,Federal Reserve,fed,2026-07-14T18:00:00+00:00,2026-07-14T18:00:00+00:00,"Minutes of the Board's discount rate meetings on June 8 and June 17, 2026",https://www.federalreserve.gov/newsevents/pressreleases/monetary20260714a.htm,en,US,0.0,0.0,True,PIT_SAFE,79.25,STALE,MEDIUM,DEGRADED,CONTEXTUAL,True,POLICY_EVENT,https://www.federalreserve.gov/newsevents/pressreleases/monetary20260714a.htm,False,HIGH,title/topic heuristic; contextual only
b74971fc9e37e45b9363a27830d47a63,OFFICIAL_RSS,BEA,growth,2026-07-10T12:30:00+00:00,2026-07-10T12:30:00+00:00,"Activities of U.S. Affiliates of Foreign Multinational Enterprises, 2024",https://www.bea.gov/news/2026/activities-us-affiliates-foreign-multinational-enterprises-2024,en,US,1.0,0.0,True,PIT_SAFE,83.479,STALE,MEDIUM,DEGRADED,CONTEXTUAL,True,OTHER_OFFICIAL,https://www.bea.gov/news/2026/activities-us-affiliates-foreign-multinational-enterprises-2024,False,MEDIUM,title/topic heuristic; contextual only
24ec96fc340b3d54a3a3312ba4430b04,OFFICIAL_RSS,Federal Reserve,fed,2026-07-09T19:00:00+00:00,2026-07-09T19:00:00+00:00,Federal Reserve announces the leadership and objectives of its task forces to advance the conduct of monetary policy,https://www.federalreserve.gov/newsevents/pressreleases/monetary20260709a.htm,en,US,0.0,0.25,True,PIT_SAFE,84.208,STALE,MEDIUM,DEGRADED,CONTEXTUAL,True,POLICY_EVENT,https://www.federalreserve.gov/newsevents/pressreleases/monetary20260709a.htm,False,HIGH,title/topic heuristic; contextual only
9c640a17aa619283219849a5bc1ce5e2,OFFICIAL_RSS,Federal Reserve,fed,2026-07-08T18:00:00+00:00,2026-07-08T18:00:00+00:00,"Minutes of the Federal Open Market Committee, June 16-17, 2026",https://www.federalreserve.gov/newsevents/pressreleases/monetary20260708a.htm,en,US,0.0,0.0,True,PIT_SAFE,85.25,STALE,MEDIUM,DEGRADED,CONTEXTUAL,True,POLICY_EVENT,https://www.federalreserve.gov/newsevents/pressreleases/monetary20260708a.htm,False,HIGH,title/topic heuristic; contextual only
9ebe0ae060148f2f873354bf54dd5708,OFFICIAL_RSS,BEA,growth,2026-06-25T12:30:00+00:00,2026-06-25T12:30:00+00:00,"Personal Income and Outlays, May 2026",https://www.bea.gov/news/2026/personal-income-and-outlays-may-2026,en,US,0.0,0.25,True,PIT_SAFE,98.479,STALE,MEDIUM,DEGRADED,CONTEXTUAL,True,MACRO_RELEASE,https://www.bea.gov/news/2026/personal-income-and-outlays-may-2026,False,HIGH,title/topic heuristic; contextual only
46a27eb1adc8c7f055320b9cb75aa1a0,OFFICIAL_RSS,Federal Reserve,fed,2026-06-17T18:00:00+00:00,2026-06-17T18:00:00+00:00,Federal Reserve Board and Federal Open Market Committee release economic projections from the June 16-17 FOMC meeting,https://www.federalreserve.gov/newsevents/pressreleases/monetary20260617b.htm,en,US,0.0,0.5,True,PIT_SAFE,106.25,STALE,MEDIUM,DEGRADED,CONTEXTUAL,True,POLICY_EVENT,https://www.federalreserve.gov/newsevents/pressreleases/monetary20260617b.htm,False,HIGH,title/topic heuristic; contextual only
b505ca076a01ffa2b1cbfd1c49585b8b,OFFICIAL_RSS,Federal Reserve,fed,2026-06-17T18:00:00+00:00,2026-06-17T18:00:00+00:00,Federal Reserve issues FOMC statement,https://www.federalreserve.gov/newsevents/pressreleases/monetary20260617a.htm,en,US,0.0,0.5,True,PIT_SAFE,106.25,STALE,MEDIUM,DEGRADED,CONTEXTUAL,True,POLICY_EVENT,https://www.federalreserve.gov/newsevents/pressreleases/monetary20260617a.htm,False,HIGH,title/topic heuristic; contextual only
187906f2ce31c18aa366e8e5e88c66ec,OFFICIAL_RSS,BEA,growth,2026-06-10T12:30:00+00:00,2026-06-10T12:30:00+00:00,"New Foreign Direct Investment in the United States, 2025",https://www.bea.gov/news/2026/new-foreign-direct-investment-united-states-2025,en,US,0.0,0.0,True,PIT_SAFE,113.479,STALE,MEDIUM,DEGRADED,CONTEXTUAL,True,OTHER_OFFICIAL,https://www.bea.gov/news/2026/new-foreign-direct-investment-united-states-2025,False,MEDIUM,title/topic heuristic; contextual only
f8e37d2931655b5fe9c53d71e346ef3a,OFFICIAL_RSS,BEA,growth,2026-05-28T12:30:00+00:00,2026-05-28T12:30:00+00:00,"Personal Income and Outlays, April 2026",https://www.bea.gov/news/2026/personal-income-and-outlays-april-2026,en,US,0.0,0.25,True,PIT_SAFE,126.479,STALE,MEDIUM,DEGRADED,CONTEXTUAL,True,MACRO_RELEASE,https://www.bea.gov/news/2026/personal-income-and-outlays-april-2026,False,HIGH,title/topic heuristic; contextual only
d25236acd3b657dc5a039d8135129578,OFFICIAL_RSS,Federal Reserve,fed,2026-05-26T18:00:00+00:00,2026-05-26T18:00:00+00:00,"Minutes of the Board's discount rate meeting on April 20 and 29, 2026",https://www.federalreserve.gov/newsevents/pressreleases/monetary20260526a.htm,en,US,0.0,0.0,True,PIT_SAFE,128.25,STALE,MEDIUM,DEGRADED,CONTEXTUAL,True,POLICY_EVENT,https://www.federalreserve.gov/newsevents/pressreleases/monetary20260526a.htm,False,HIGH,title/topic heuristic; contextual only
6cb2a07e862233cc56040c9fff7324e9,OFFICIAL_RSS,Federal Reserve,fed,2026-05-20T18:00:00+00:00,2026-05-20T18:00:00+00:00,"Minutes of the Federal Open Market Committee, April 28-29, 2026",https://www.federalreserve.gov/newsevents/pressreleases/monetary20260520a.htm,en,US,0.0,0.0,True,PIT_SAFE,134.25,STALE,MEDIUM,DEGRADED,CONTEXTUAL,True,POLICY_EVENT,https://www.federalreserve.gov/newsevents/pressreleases/monetary20260520a.htm,False,HIGH,title/topic heuristic; contextual only
d34e97dcc716c692bfe077fde712e1e2,OFFICIAL_RSS,Federal Reserve,fed,2026-04-29T18:00:00+00:00,2026-04-29T18:00:00+00:00,Federal Reserve issues FOMC statement,https://www.federalreserve.gov/newsevents/pressreleases/monetary20260429a.htm,en,US,0.0,0.5,True,PIT_SAFE,155.25,STALE,MEDIUM,DEGRADED,CONTEXTUAL,True,POLICY_EVENT,https://www.federalreserve.gov/newsevents/pressreleases/monetary20260429a.htm,False,HIGH,title/topic heuristic; contextual only
8e7d858b08ffb08f858bed39bdeeb4ac,OFFICIAL_RSS,Federal Reserve,fed,2026-04-14T18:00:00+00:00,2026-04-14T18:00:00+00:00,"Minutes of the Board’s discount rate meetings on February 9 and March 18, 2026",https://www.federalreserve.gov/newsevents/pressreleases/monetary20260414a.htm,en,US,0.0,0.0,True,PIT_SAFE,170.25,STALE,MEDIUM,DEGRADED,CONTEXTUAL,True,POLICY_EVENT,https://www.federalreserve.gov/newsevents/pressreleases/monetary20260414a.htm,False,HIGH,title/topic heuristic; contextual only
d018b1a03d2ae625837ee8d0dc28b5b1,OFFICIAL_RSS,Federal Reserve,fed,2026-04-08T18:00:00+00:00,2026-04-08T18:00:00+00:00,"Minutes of the Federal Open Market Committee, March 17–18, 2026",https://www.federalreserve.gov/newsevents/pressreleases/monetary20260408a.htm,en,US,0.0,0.0,True,PIT_SAFE,176.25,STALE,MEDIUM,DEGRADED,CONTEXTUAL,True,POLICY_EVENT,https://www.federalreserve.gov/newsevents/pressreleases/monetary20260408a.htm,False,HIGH,title/topic heuristic; contextual only
9c997eaf299c8c5d10321768a4e5614a,OFFICIAL_RSS,BEA,growth,2026-03-13T12:31:00+00:00,2026-03-13T12:31:00+00:00,"Personal Income and Outlays, January 2026",https://www.bea.gov/news/2026/personal-income-and-outlays-january-2026,en,US,0.0,0.25,True,PIT_SAFE,202.478,STALE,MEDIUM,DEGRADED,CONTEXTUAL,True,MACRO_RELEASE,https://www.bea.gov/news/2026/personal-income-and-outlays-january-2026,False,HIGH,title/topic heuristic; contextual only
2fdd9d1836364baf53e8bf59b51d388b,OFFICIAL_RSS,BEA,growth,2026-03-05T15:00:00+00:00,2026-03-05T15:00:00+00:00,"Outdoor Recreation Economic Statistics, U.S. and States, 2024",https://www.bea.gov/news/2026/outdoor-recreation-economic-statistics-us-and-states-2024,en,US,0.0,0.0,True,PIT_SAFE,210.375,STALE,MEDIUM,DEGRADED,CONTEXTUAL,True,OTHER_OFFICIAL,https://www.bea.gov/news/2026/outdoor-recreation-economic-statistics-us-and-states-2024,False,MEDIUM,title/topic heuristic; contextual only
310f5b400a94b6e30084f0272067d611,OFFICIAL_RSS,BEA,growth,2026-02-20T13:30:00+00:00,2026-02-20T13:30:00+00:00,"GDP (Advance Estimate), 4th Quarter and Year 2025",https://www.bea.gov/news/2026/gdp-advance-estimate-4th-quarter-and-year-2025,en,US,0.0,0.25,True,PIT_SAFE,223.438,STALE,MEDIUM,DEGRADED,CONTEXTUAL,True,OTHER_OFFICIAL,https://www.bea.gov/news/2026/gdp-advance-estimate-4th-quarter-and-year-2025,False,MEDIUM,title/topic heuristic; contextual only
8409df9c31cf83114bb3eef0f2c2e9e7,OFFICIAL_RSS,BEA,growth,2026-02-20T13:30:00+00:00,2026-02-20T13:30:00+00:00,"Personal Income and Outlays, December 2025",https://www.bea.gov/news/2026/personal-income-and-outlays-december-2025,en,US,0.0,0.25,True,PIT_SAFE,223.438,STALE,MEDIUM,DEGRADED,CONTEXTUAL,True,MACRO_RELEASE,https://www.bea.gov/news/2026/personal-income-and-outlays-december-2025,False,HIGH,title/topic heuristic; contextual only
b9b130df09dd683de4f926b026b7d66a,OFFICIAL_RSS,BEA,growth,2026-02-19T13:30:00+00:00,2026-02-19T13:30:00+00:00,"Real Personal Consumption Expenditures by State and Real Personal Income by State, 2024",https://www.bea.gov/news/2026/real-personal-consumption-expenditures-state-and-real-personal-income-state-2024,en,US,0.0,0.25,True,PIT_SAFE,224.438,STALE,MEDIUM,DEGRADED,CONTEXTUAL,True,MACRO_RELEASE,https://www.bea.gov/news/2026/real-personal-consumption-expenditures-state-and-real-personal-income-state-2024,False,HIGH,title/topic heuristic; contextual only
40b6c6a29e2a1dc6fa64d998f07d30ae,OFFICIAL_RSS,BEA,growth,2026-02-05T13:30:00+00:00,2026-02-05T13:30:00+00:00,"Gross Domestic Product by County and Personal Income by County, 2024",https://www.bea.gov/news/2026/gross-domestic-product-county-and-personal-income-county-2024,en,US,0.0,0.25,True,PIT_SAFE,238.438,STALE,MEDIUM,DEGRADED,CONTEXTUAL,True,MACRO_RELEASE,https://www.bea.gov/news/2026/gross-domestic-product-county-and-personal-income-county-2024,False,HIGH,title/topic heuristic; contextual only
d7bf62e456261010f6e219cb05d033c1,OFFICIAL_RSS,BEA,growth,2026-01-23T13:30:00+00:00,2026-01-23T13:30:00+00:00,"Gross Domestic Product by State and Personal Income by State, 3rd Quarter 2025",https://www.bea.gov/news/2026/gross-domestic-product-state-and-personal-income-state-3rd-quarter-2025,en,US,0.0,0.25,True,PIT_SAFE,251.438,STALE,MEDIUM,DEGRADED,CONTEXTUAL,True,MACRO_RELEASE,https://www.bea.gov/news/2026/gross-domestic-product-state-and-personal-income-state-3rd-quarter-2025,False,HIGH,title/topic heuristic; contextual only
f346c77b644acdaa2117839f08abfbf4,OFFICIAL_RSS,BEA,growth,2026-01-16T15:00:00+00:00,2026-01-16T15:00:00+00:00,"U.S. International Investment Position, 3rd Quarter 2025",https://www.bea.gov/news/2026/us-international-investment-position-3rd-quarter-2025,en,US,0.0,0.0,True,PIT_SAFE,258.375,STALE,MEDIUM,DEGRADED,CONTEXTUAL,True,OTHER_OFFICIAL,https://www.bea.gov/news/2026/us-international-investment-position-3rd-quarter-2025,False,MEDIUM,title/topic heuristic; contextual only
c676e420e97f175889b94a13238e577c,OFFICIAL_RSS,BEA,growth,2026-01-14T13:30:00+00:00,2026-01-14T13:30:00+00:00,"U.S. International Transactions, 3rd Quarter 2025",https://www.bea.gov/news/2026/us-international-transactions-3rd-quarter-2025,en,US,0.0,0.0,True,PIT_SAFE,260.438,STALE,MEDIUM,DEGRADED,CONTEXTUAL,True,OTHER_OFFICIAL,https://www.bea.gov/news/2026/us-international-transactions-3rd-quarter-2025,False,MEDIUM,title/topic heuristic; contextual only
c9653fbef40fe544fd4b351f7aa6c03b,OFFICIAL_RSS,BEA,growth,2025-09-16T14:00:00+00:00,2025-09-16T14:00:00+00:00,"Gross Domestic Product for Puerto Rico, 2023",https://www.bea.gov/news/2025/gross-domestic-product-puerto-rico-2023,en,US,0.0,0.0,True,PIT_SAFE,380.417,STALE,MEDIUM,DEGRADED,CONTEXTUAL,True,MACRO_RELEASE,https://www.bea.gov/news/2025/gross-domestic-product-puerto-rico-2023,False,HIGH,title/topic heuristic; contextual only
87600d009e65b15f3ef01e692392402f,OFFICIAL_RSS,BEA,labor,2025-08-22T12:30:00+00:00,2025-08-22T12:30:00+00:00,"Activities of U.S. Multinational Enterprises, 2023",https://www.bea.gov/news/2025/activities-us-multinational-enterprises-2023,en,US,1.0,0.0,True,PIT_SAFE,405.479,STALE,MEDIUM,DEGRADED,CONTEXTUAL,True,OTHER_OFFICIAL,https://www.bea.gov/news/2025/activities-us-multinational-enterprises-2023,False,MEDIUM,title/topic heuristic; contextual only
b625cef10b5eee23f1acc6de70f11e9b,OFFICIAL_RSS,BEA,growth,2025-06-05T14:00:00+00:00,2025-06-05T14:00:00+00:00,"Marine Economy Satellite Account, 2023",https://www.bea.gov/news/2025/marine-economy-satellite-account-2023,en,US,0.0,0.0,True,PIT_SAFE,483.417,STALE,MEDIUM,DEGRADED,CONTEXTUAL,True,OTHER_OFFICIAL,https://www.bea.gov/news/2025/marine-economy-satellite-account-2023,False,MEDIUM,title/topic heuristic; contextual only
f1f05c2c8b286673db187bff160768d4,OFFICIAL_RSS,BEA,inflation,2025-04-02T14:00:00+00:00,2025-04-02T14:00:00+00:00,"Arts and Cultural Production Satellite Account, U.S. and States, 2023",https://www.bea.gov/news/2025/arts-and-cultural-production-satellite-account-us-and-states-2023,en,US,0.0,0.0,True,PIT_SAFE,547.417,STALE,MEDIUM,DEGRADED,CONTEXTUAL,True,OTHER_OFFICIAL,https://www.bea.gov/news/2025/arts-and-cultural-production-satellite-account-us-and-states-2023,False,MEDIUM,title/topic heuristic; contextual only
11a0ea592d1dc6d52e12f2d0a1427762,OFFICIAL_RSS,BEA,growth,2024-12-12T13:30:00+00:00,2024-12-12T13:30:00+00:00,"Real Personal Consumption Expenditures by State and Real Personal Income by State and Metropolitan Area, 2023",https://www.bea.gov/news/2024/real-personal-consumption-expenditures-state-and-real-personal-income-state-and,en,US,0.0,0.25,True,PIT_SAFE,658.438,STALE,MEDIUM,DEGRADED,CONTEXTUAL,True,MACRO_RELEASE,https://www.bea.gov/news/2024/real-personal-consumption-expenditures-state-and-real-personal-income-state-and,False,HIGH,title/topic heuristic; contextual only
d34f669aa79f7596c5a6544decd15f4b,OFFICIAL_RSS,BEA,growth,2024-12-04T13:30:00+00:00,2024-12-04T13:30:00+00:00,"Gross Domestic Product by County and Metropolitan Area, 2023",https://www.bea.gov/news/2024/gross-domestic-product-county-and-metropolitan-area-2023,en,US,0.0,0.0,True,PIT_SAFE,666.438,STALE,MEDIUM,DEGRADED,CONTEXTUAL,True,MACRO_RELEASE,https://www.bea.gov/news/2024/gross-domestic-product-county-and-metropolitan-area-2023,False,HIGH,title/topic heuristic; contextual only
6adb9569db807625e415b564982c3b98,OFFICIAL_RSS,BEA,growth,2024-11-21T23:00:00+00:00,2024-11-21T23:00:00+00:00,"Gross Domestic Product for the Commonwealth of the Northern Mariana Islands, 2021 and 2022",https://www.bea.gov/news/2024/gross-domestic-product-commonwealth-northern-mariana-islands-2021-and-2022,en,US,0.0,0.0,True,PIT_SAFE,679.042,STALE,MEDIUM,DEGRADED,CONTEXTUAL,True,MACRO_RELEASE,https://www.bea.gov/news/2024/gross-domestic-product-commonwealth-northern-mariana-islands-2021-and-2022,False,HIGH,title/topic heuristic; contextual only
a73da082e81e4cb4853b03038c11ae75,OFFICIAL_RSS,BEA,growth,2024-11-20T15:00:00+00:00,2024-11-20T15:00:00+00:00,"Outdoor Recreation Satellite Account, U.S. and States, 2023",https://www.bea.gov/news/2024/outdoor-recreation-satellite-account-us-and-states-2023,en,US,0.0,0.0,True,PIT_SAFE,680.375,STALE,MEDIUM,DEGRADED,CONTEXTUAL,True,OTHER_OFFICIAL,https://www.bea.gov/news/2024/outdoor-recreation-satellite-account-us-and-states-2023,False,MEDIUM,title/topic heuristic; contextual only
ab711bbcac9211dc998697664a402ef5,OFFICIAL_RSS,BEA,growth,2024-11-14T13:30:00+00:00,2024-11-14T13:30:00+00:00,"Personal Income by County and Metropolitan Area, 2023",https://www.bea.gov/news/2024/personal-income-county-and-metropolitan-area-2023,en,US,0.0,0.25,True,PIT_SAFE,686.438,STALE,MEDIUM,DEGRADED,CONTEXTUAL,True,MACRO_RELEASE,https://www.bea.gov/news/2024/personal-income-county-and-metropolitan-area-2023,False,HIGH,title/topic heuristic; contextual only
f144862132aede5a4a3709c30ef69913,OFFICIAL_RSS,BEA,growth,2024-10-03T12:30:00+00:00,2024-10-03T12:30:00+00:00,"Personal Consumption Expenditures by State, 2023",https://www.bea.gov/news/2024/personal-consumption-expenditures-state-2023,en,US,0.0,0.0,True,PIT_SAFE,728.479,STALE,MEDIUM,DEGRADED,CONTEXTUAL,True,OTHER_OFFICIAL,https://www.bea.gov/news/2024/personal-consumption-expenditures-state-2023,False,MEDIUM,title/topic heuristic; contextual only
b258a43026a8b33dbdad7de1906e1e53,OFFICIAL_RSS,BEA,growth,2024-06-17T14:00:00+00:00,2024-06-17T14:00:00+00:00,"Gross Domestic Product for the U.S. Virgin Islands, 2022",https://www.bea.gov/news/2024/gross-domestic-product-us-virgin-islands-2022,en,US,0.0,0.0,True,PIT_SAFE,836.417,STALE,MEDIUM,DEGRADED,CONTEXTUAL,True,MACRO_RELEASE,https://www.bea.gov/news/2024/gross-domestic-product-us-virgin-islands-2022,False,HIGH,title/topic heuristic; contextual only
3586b93547745cc4911287a8e65b3b42,OFFICIAL_RSS,BEA,growth,2024-04-15T23:00:00+00:00,2024-04-15T23:00:00+00:00,"Gross Domestic Product for Guam, 2022",https://www.bea.gov/news/2024/gross-domestic-product-guam-2022,en,US,0.0,0.0,True,PIT_SAFE,899.042,STALE,MEDIUM,DEGRADED,CONTEXTUAL,True,MACRO_RELEASE,https://www.bea.gov/news/2024/gross-domestic-product-guam-2022,False,HIGH,title/topic heuristic; contextual only
b54aa42640ce6400367d7b3e5dbb06c9,OFFICIAL_RSS,BEA,growth,2023-12-05T15:00:00+00:00,2023-12-05T15:00:00+00:00,"Gross Domestic Product by State, 2nd Quarter 2023 and Comprehensive Update",https://www.bea.gov/news/2023/gross-domestic-product-state-2nd-quarter-2023-and-comprehensive-update,en,US,0.0,0.0,True,PIT_SAFE,1031.375,STALE,MEDIUM,DEGRADED,CONTEXTUAL,True,MACRO_RELEASE,https://www.bea.gov/news/2023/gross-domestic-product-state-2nd-quarter-2023-and-comprehensive-update,False,HIGH,title/topic heuristic; contextual only
825e6b7294786112d2e209dd2790c7cb,OFFICIAL_RSS,BEA,growth,2023-12-05T13:30:00+00:00,2023-12-05T13:30:00+00:00,"Gross Domestic Product by Industry, 2nd Quarter 2023 and Comprehensive Update",https://www.bea.gov/news/2023/gross-domestic-product-industry-2nd-quarter-2023-and-comprehensive-update,en,US,0.0,0.0,True,PIT_SAFE,1031.438,STALE,MEDIUM,DEGRADED,CONTEXTUAL,True,MACRO_RELEASE,https://www.bea.gov/news/2023/gross-domestic-product-industry-2nd-quarter-2023-and-comprehensive-update,False,HIGH,title/topic heuristic; contextual only
2a7f2b034b2b99000ab3519a46f5b6ff,OFFICIAL_RSS,BEA,growth,2023-10-20T19:30:00+00:00,2023-10-20T19:30:00+00:00,"Gross Domestic Product for American Samoa, 2022",https://www.bea.gov/news/2023/gross-domestic-product-american-samoa-2022,en,US,0.0,0.0,True,PIT_SAFE,1077.188,STALE,MEDIUM,DEGRADED,CONTEXTUAL,True,MACRO_RELEASE,https://www.bea.gov/news/2023/gross-domestic-product-american-samoa-2022,False,HIGH,title/topic heuristic; contextual only
52c716f0065be4c71fefe258a00f7015,OFFICIAL_RSS,BEA,growth,2023-09-29T14:00:00+00:00,2023-09-29T14:00:00+00:00,"Personal Income by State, 2nd Quarter 2023",https://www.bea.gov/news/2023/personal-income-state-2nd-quarter-2023,en,US,0.0,0.25,True,PIT_SAFE,1098.417,STALE,MEDIUM,DEGRADED,CONTEXTUAL,True,MACRO_RELEASE,https://www.bea.gov/news/2023/personal-income-state-2nd-quarter-2023,False,HIGH,title/topic heuristic; contextual only
4829405d305b3042132c590ea6ef891b,OFFICIAL_RSS,BEA,growth,2022-12-08T13:30:00+00:00,2022-12-08T13:30:00+00:00,"Gross Domestic Product by County, 2021",https://www.bea.gov/news/2022/gross-domestic-product-county-2021,en,US,0.0,0.0,True,PIT_SAFE,1393.438,STALE,MEDIUM,DEGRADED,CONTEXTUAL,True,MACRO_RELEASE,https://www.bea.gov/news/2022/gross-domestic-product-county-2021,False,HIGH,title/topic heuristic; contextual only
251b546c532206c6a0e0c30af28b3a44,OFFICIAL_RSS,BEA,growth,2021-12-14T13:30:00+00:00,2021-12-14T13:30:00+00:00,"Real Personal Consumption Expenditures and Personal Income by State, 2020",https://www.bea.gov/news/2021/real-personal-consumption-expenditures-state-and-real-personal-income-state-and,en,US,0.0,0.25,True,PIT_SAFE,1752.438,STALE,MEDIUM,DEGRADED,CONTEXTUAL,True,MACRO_RELEASE,https://www.bea.gov/news/2021/real-personal-consumption-expenditures-state-and-real-personal-income-state-and,False,HIGH,title/topic heuristic; contextual only
66e45ac292af889c8d6580d6a04515f1,OFFICIAL_RSS,BEA,growth,2021-04-06T23:00:00+00:00,2021-04-06T23:00:00+00:00,"Gross Domestic Product for the CNMI, 2019",https://www.bea.gov/news/2021/gross-domestic-product-cnmi-2019,en,US,0.0,0.0,True,PIT_SAFE,2004.042,STALE,MEDIUM,DEGRADED,CONTEXTUAL,True,MACRO_RELEASE,https://www.bea.gov/news/2021/gross-domestic-product-cnmi-2019,False,HIGH,title/topic heuristic; contextual only
5e606087344eaa3cd26a384def7a3feb,OFFICIAL_RSS,BEA,growth,2020-12-15T13:30:00+00:00,2020-12-15T13:30:00+00:00,"Real Personal Income by State and Metropolitan Area, 2019",https://www.bea.gov/news/2020/real-personal-income-state-and-metropolitan-area-2019,en,US,0.0,0.25,True,PIT_SAFE,2116.438,STALE,MEDIUM,DEGRADED,CONTEXTUAL,True,MACRO_RELEASE,https://www.bea.gov/news/2020/real-personal-income-state-and-metropolitan-area-2019,False,HIGH,title/topic heuristic; contextual only
6a774660728486f15d598757416c9830,OFFICIAL_RSS,BEA,growth,2019-12-18T13:30:00+00:00,2019-12-18T13:30:00+00:00,"State Quarterly Personal Income, 3rd quarter 2019",https://www.bea.gov/news/2019/state-personal-income-third-quarter-2019,en,US,0.0,0.25,True,PIT_SAFE,2479.438,STALE,MEDIUM,DEGRADED,CONTEXTUAL,True,MACRO_RELEASE,https://www.bea.gov/news/2019/state-personal-income-third-quarter-2019,False,HIGH,title/topic heuristic; contextual only
de72c3fc5a4728349cb8010fbce26c3d,OFFICIAL_RSS,BEA,growth,2019-12-12T13:30:00+00:00,2019-12-12T13:30:00+00:00,"Local Area Gross Domestic Product, 2018",https://www.bea.gov/news/2019/local-area-gross-domestic-product-2018,en,US,0.0,0.0,True,PIT_SAFE,2485.438,STALE,MEDIUM,DEGRADED,CONTEXTUAL,True,MACRO_RELEASE,https://www.bea.gov/news/2019/local-area-gross-domestic-product-2018,False,HIGH,title/topic heuristic; contextual only
b204f48b453529379ae1542a33cda614,OFFICIAL_RSS,BEA,growth,2019-11-07T00:00:00+00:00,2019-11-07T00:00:00+00:00,"Gross Domestic Product for the Commonwealth of the Northern Mariana Islands (CNMI), 2018",https://www.bea.gov/news/2019/gross-domestic-product-commonwealth-northern-mariana-islands-cnmi-2018,en,US,0.0,0.0,True,PIT_SAFE,2521.0,STALE,MEDIUM,DEGRADED,CONTEXTUAL,True,MACRO_RELEASE,https://www.bea.gov/news/2019/gross-domestic-product-commonwealth-northern-mariana-islands-cnmi-2018,False,HIGH,title/topic heuristic; contextual only
02fac210ffd0577dc12644b2b438ea4b,OFFICIAL_RSS,BEA,growth,2018-12-17T13:30:00+00:00,2018-12-17T13:30:00+00:00,"Gross Domestic Product for U.S. Virgin Islands (USVI), 2017",https://www.bea.gov/news/2018/us-virgin-islands-gdp-decreases-2017,en,US,0.0,0.0,True,PIT_SAFE,2845.438,STALE,MEDIUM,DEGRADED,CONTEXTUAL,True,MACRO_RELEASE,https://www.bea.gov/news/2018/us-virgin-islands-gdp-decreases-2017,False,HIGH,title/topic heuristic; contextual only
a01360ef520e7518e2a0226c7c33cfae,OFFICIAL_RSS,BEA,growth,2018-07-30T12:30:00+00:00,2018-07-30T12:30:00+00:00,"Foreign Direct Investment by Country and Industry, 2017",https://apps.bea.gov/newsreleases/international/fdici/2018/fdici0718.htm,en,US,0.0,0.0,True,PIT_SAFE,2985.479,STALE,MEDIUM,DEGRADED,CONTEXTUAL,True,OTHER_OFFICIAL,https://apps.bea.gov/newsreleases/international/fdici/2018/fdici0718.htm,False,MEDIUM,title/topic heuristic; contextual only
585890dd1b7b9d4e0154e1212606e3b9,OFFICIAL_RSS,BEA,growth,2017-12-13T13:30:00+00:00,2017-12-13T13:30:00+00:00,"Travel and Tourism Satellite Accounts, 3rd quarter 2017",https://apps.bea.gov/newsreleases/industry/tourism/2017/tour317.htm,en,US,0.0,0.25,True,PIT_SAFE,3214.438,STALE,MEDIUM,DEGRADED,CONTEXTUAL,True,MACRO_RELEASE,https://apps.bea.gov/newsreleases/industry/tourism/2017/tour317.htm,False,HIGH,title/topic heuristic; contextual only
df982de0d509e64c517f6f1341b78a5b,OFFICIAL_RSS,BEA,growth,2017-09-20T12:30:00+00:00,2017-09-20T12:30:00+00:00,"Gross Domestic Product by Metropolitan Area, 2016",https://apps.bea.gov/newsreleases/regional/gdp_metro/2017/gdp_metro0917.htm,en,US,0.0,0.0,True,PIT_SAFE,3298.479,STALE,MEDIUM,DEGRADED,CONTEXTUAL,True,MACRO_RELEASE,https://apps.bea.gov/newsreleases/regional/gdp_metro/2017/gdp_metro0917.htm,False,HIGH,title/topic heuristic; contextual only
cccc21dcf3711c94e66e470e83cb14f5,OFFICIAL_RSS,BEA,growth,2013-12-18T15:30:00+00:00,2013-12-18T15:30:00+00:00,"Benchmark Input-Output Account of the U.S. Economy, 2007",https://apps.bea.gov/newsreleases/industry/io/2013/io1213.htm,en,US,0.0,0.0,True,PIT_SAFE,4670.354,STALE,MEDIUM,DEGRADED,CONTEXTUAL,True,OTHER_OFFICIAL,https://apps.bea.gov/newsreleases/industry/io/2013/io1213.htm,False,MEDIUM,title/topic heuristic; contextual only
eca0b28cfe3fcfd55061f43925d2a4aa,OFFICIAL_RSS,BEA,labor,2013-04-18T12:30:00+00:00,2013-04-18T12:30:00+00:00,"Summary Estimates for Multinational Companies, 2011",https://apps.bea.gov/newsreleases/international/mnc/2013/mnc2011.htm,en,US,0.0,0.0,True,PIT_SAFE,4914.479,STALE,MEDIUM,DEGRADED,CONTEXTUAL,True,OTHER_OFFICIAL,https://apps.bea.gov/newsreleases/international/mnc/2013/mnc2011.htm,False,MEDIUM,title/topic heuristic; contextual only
