event_name,event_layer,horizon,observations,control_count,controls,event_coefficient_pct,baseline_r2,controlled_r2,incremental_r2,interpretation
breadth_negative_20d,breadth,1D,1896,7,sentiment_unified_sentiment_score|technical_drawdown_pct|technical_RSI14|technical_ATR14_pct|technical_ROC20_pct|liq_NET_LIQUIDITY_PROXY_MILLIONS|liquidity_20d_change_pct,-0.06377407954926442,0.006072768932566475,0.006152290159433971,7.952122686749608e-05,descriptive controlled association only; not predictive and not causal
breadth_negative_20d,breadth,5D,1896,7,sentiment_unified_sentiment_score|technical_drawdown_pct|technical_RSI14|technical_ATR14_pct|technical_ROC20_pct|liq_NET_LIQUIDITY_PROXY_MILLIONS|liquidity_20d_change_pct,-0.18472040235033693,0.025690532140922318,0.02585498088689986,0.00016444874597754122,descriptive controlled association only; not predictive and not causal
breadth_negative_20d,breadth,20D,1896,7,sentiment_unified_sentiment_score|technical_drawdown_pct|technical_RSI14|technical_ATR14_pct|technical_ROC20_pct|liq_NET_LIQUIDITY_PROXY_MILLIONS|liquidity_20d_change_pct,-0.15460897670110277,0.09264883467555785,0.09267955630133007,3.072162577222315e-05,descriptive controlled association only; not predictive and not causal
breadth_positive_20d,breadth,1D,1896,7,sentiment_unified_sentiment_score|technical_drawdown_pct|technical_RSI14|technical_ATR14_pct|technical_ROC20_pct|liq_NET_LIQUIDITY_PROXY_MILLIONS|liquidity_20d_change_pct,-0.018894472606961216,0.006072768932566475,0.006080043446159089,7.27451359261444e-06,descriptive controlled association only; not predictive and not causal
breadth_positive_20d,breadth,5D,1896,7,sentiment_unified_sentiment_score|technical_drawdown_pct|technical_RSI14|technical_ATR14_pct|technical_ROC20_pct|liq_NET_LIQUIDITY_PROXY_MILLIONS|liquidity_20d_change_pct,0.43762034404594496,0.025690532140922318,0.026652444663692765,0.0009619125227704473,descriptive controlled association only; not predictive and not causal
breadth_positive_20d,breadth,20D,1896,7,sentiment_unified_sentiment_score|technical_drawdown_pct|technical_RSI14|technical_ATR14_pct|technical_ROC20_pct|liq_NET_LIQUIDITY_PROXY_MILLIONS|liquidity_20d_change_pct,0.41721012483379216,0.09264883467555785,0.09288197865213266,0.00023314397657481223,descriptive controlled association only; not predictive and not causal
vix_low,stress,1D,1896,7,sentiment_unified_sentiment_score|technical_drawdown_pct|technical_RSI14|technical_ATR14_pct|technical_ROC20_pct|liq_NET_LIQUIDITY_PROXY_MILLIONS|liquidity_20d_change_pct,0.0,0.006072768932566475,0.006072768932566475,0.0,descriptive controlled association only; not predictive and not causal
vix_low,stress,5D,1896,7,sentiment_unified_sentiment_score|technical_drawdown_pct|technical_RSI14|technical_ATR14_pct|technical_ROC20_pct|liq_NET_LIQUIDITY_PROXY_MILLIONS|liquidity_20d_change_pct,0.0,0.025690532140922318,0.025690532140922318,0.0,descriptive controlled association only; not predictive and not causal
vix_low,stress,20D,1896,7,sentiment_unified_sentiment_score|technical_drawdown_pct|technical_RSI14|technical_ATR14_pct|technical_ROC20_pct|liq_NET_LIQUIDITY_PROXY_MILLIONS|liquidity_20d_change_pct,0.0,0.09264883467555785,0.09264883467555785,0.0,descriptive controlled association only; not predictive and not causal
vix_elevated,stress,1D,1896,7,sentiment_unified_sentiment_score|technical_drawdown_pct|technical_RSI14|technical_ATR14_pct|technical_ROC20_pct|liq_NET_LIQUIDITY_PROXY_MILLIONS|liquidity_20d_change_pct,0.0,0.006072768932566475,0.006072768932566475,0.0,descriptive controlled association only; not predictive and not causal
vix_elevated,stress,5D,1896,7,sentiment_unified_sentiment_score|technical_drawdown_pct|technical_RSI14|technical_ATR14_pct|technical_ROC20_pct|liq_NET_LIQUIDITY_PROXY_MILLIONS|liquidity_20d_change_pct,0.0,0.025690532140922318,0.025690532140922318,0.0,descriptive controlled association only; not predictive and not causal
vix_elevated,stress,20D,1896,7,sentiment_unified_sentiment_score|technical_drawdown_pct|technical_RSI14|technical_ATR14_pct|technical_ROC20_pct|liq_NET_LIQUIDITY_PROXY_MILLIONS|liquidity_20d_change_pct,0.0,0.09264883467555785,0.09264883467555785,0.0,descriptive controlled association only; not predictive and not causal
financial_stress_elevated,stress,1D,1896,7,sentiment_unified_sentiment_score|technical_drawdown_pct|technical_RSI14|technical_ATR14_pct|technical_ROC20_pct|liq_NET_LIQUIDITY_PROXY_MILLIONS|liquidity_20d_change_pct,0.0,0.006072768932566475,0.006072768932566475,0.0,descriptive controlled association only; not predictive and not causal
financial_stress_elevated,stress,5D,1896,7,sentiment_unified_sentiment_score|technical_drawdown_pct|technical_RSI14|technical_ATR14_pct|technical_ROC20_pct|liq_NET_LIQUIDITY_PROXY_MILLIONS|liquidity_20d_change_pct,0.0,0.025690532140922318,0.025690532140922318,0.0,descriptive controlled association only; not predictive and not causal
financial_stress_elevated,stress,20D,1896,7,sentiment_unified_sentiment_score|technical_drawdown_pct|technical_RSI14|technical_ATR14_pct|technical_ROC20_pct|liq_NET_LIQUIDITY_PROXY_MILLIONS|liquidity_20d_change_pct,0.0,0.09264883467555785,0.09264883467555785,0.0,descriptive controlled association only; not predictive and not causal
sentiment_bearish,sentiment,1D,1896,6,technical_drawdown_pct|technical_RSI14|technical_ATR14_pct|technical_ROC20_pct|liq_NET_LIQUIDITY_PROXY_MILLIONS|liquidity_20d_change_pct,0.11437839277520499,0.006042309563858317,0.006205851977352905,0.00016354241349458842,descriptive controlled association only; not predictive and not causal
sentiment_bearish,sentiment,5D,1896,6,technical_drawdown_pct|technical_RSI14|technical_ATR14_pct|technical_ROC20_pct|liq_NET_LIQUIDITY_PROXY_MILLIONS|liquidity_20d_change_pct,0.1602796251553326,0.02548816059066883,0.0255673204876512,7.915989698237258e-05,descriptive controlled association only; not predictive and not causal
sentiment_bearish,sentiment,20D,1896,6,technical_drawdown_pct|technical_RSI14|technical_ATR14_pct|technical_ROC20_pct|liq_NET_LIQUIDITY_PROXY_MILLIONS|liquidity_20d_change_pct,-0.3364425631865375,0.08771549992486793,0.0878085130848133,9.301315994536541e-05,descriptive controlled association only; not predictive and not causal
sentiment_bullish,sentiment,1D,1896,6,technical_drawdown_pct|technical_RSI14|technical_ATR14_pct|technical_ROC20_pct|liq_NET_LIQUIDITY_PROXY_MILLIONS|liquidity_20d_change_pct,-0.08712048704053858,0.006042309563858317,0.00617094838600063,0.00012863882214231293,descriptive controlled association only; not predictive and not causal
sentiment_bullish,sentiment,5D,1896,6,technical_drawdown_pct|technical_RSI14|technical_ATR14_pct|technical_ROC20_pct|liq_NET_LIQUIDITY_PROXY_MILLIONS|liquidity_20d_change_pct,0.059635060074844606,0.02548816059066883,0.02550301792678933,1.4857336120499554e-05,descriptive controlled association only; not predictive and not causal
sentiment_bullish,sentiment,20D,1896,6,technical_drawdown_pct|technical_RSI14|technical_ATR14_pct|technical_ROC20_pct|liq_NET_LIQUIDITY_PROXY_MILLIONS|liquidity_20d_change_pct,-0.8266145165862984,0.08771549992486793,0.08847673296686198,0.0007612330419940472,descriptive controlled association only; not predictive and not causal
technical_drawdown_ge_5,technical,1D,1896,3,sentiment_unified_sentiment_score|liq_NET_LIQUIDITY_PROXY_MILLIONS|liquidity_20d_change_pct,-0.7663520714482696,0.003674785638992706,0.008715058788741348,0.005040273149748642,descriptive controlled association only; not predictive and not causal
technical_drawdown_ge_5,technical,5D,1896,3,sentiment_unified_sentiment_score|liq_NET_LIQUIDITY_PROXY_MILLIONS|liquidity_20d_change_pct,0.041112764746454256,0.02197309644167844,0.021976672107546058,3.5756658676167064e-06,descriptive controlled association only; not predictive and not causal
technical_drawdown_ge_5,technical,20D,1896,3,sentiment_unified_sentiment_score|liq_NET_LIQUIDITY_PROXY_MILLIONS|liquidity_20d_change_pct,-0.05616394159019689,0.05235306893853697,0.05235484841672655,1.779478189578576e-06,descriptive controlled association only; not predictive and not causal
technical_drawdown_ge_10,technical,1D,1896,3,sentiment_unified_sentiment_score|liq_NET_LIQUIDITY_PROXY_MILLIONS|liquidity_20d_change_pct,0.740316482252944,0.003674785638992706,0.005565103715049258,0.0018903180760565519,descriptive controlled association only; not predictive and not causal
technical_drawdown_ge_10,technical,5D,1896,3,sentiment_unified_sentiment_score|liq_NET_LIQUIDITY_PROXY_MILLIONS|liquidity_20d_change_pct,0.7530142605946842,0.02197309644167844,0.022455169224994354,0.0004820727833159122,descriptive controlled association only; not predictive and not causal
technical_drawdown_ge_10,technical,20D,1896,3,sentiment_unified_sentiment_score|liq_NET_LIQUIDITY_PROXY_MILLIONS|liquidity_20d_change_pct,-0.40893808959252154,0.05235306893853697,0.05239098256154717,3.7913623010199515e-05,descriptive controlled association only; not predictive and not causal
liquidity_20d_change_positive_ge_5,liquidity,1D,1896,5,sentiment_unified_sentiment_score|technical_drawdown_pct|technical_RSI14|technical_ATR14_pct|technical_ROC20_pct,-0.9005112421065988,0.004396697561764973,0.006911615199941767,0.0025149176381767946,descriptive controlled association only; not predictive and not causal
liquidity_20d_change_positive_ge_5,liquidity,5D,1896,5,sentiment_unified_sentiment_score|technical_drawdown_pct|technical_RSI14|technical_ATR14_pct|technical_ROC20_pct,1.0898397861413356,0.01628151961477442,0.017189501044748035,0.0009079814299736144,descriptive controlled association only; not predictive and not causal
liquidity_20d_change_positive_ge_5,liquidity,20D,1896,5,sentiment_unified_sentiment_score|technical_drawdown_pct|technical_RSI14|technical_ATR14_pct|technical_ROC20_pct,2.1224742128820298,0.08428514781491281,0.08520350249455766,0.0009183546796448505,descriptive controlled association only; not predictive and not causal
liquidity_20d_change_negative_le_5,liquidity,1D,1896,5,sentiment_unified_sentiment_score|technical_drawdown_pct|technical_RSI14|technical_ATR14_pct|technical_ROC20_pct,-0.46101274415740756,0.004396697561764973,0.005349732546886421,0.0009530349851214481,descriptive controlled association only; not predictive and not causal
liquidity_20d_change_negative_le_5,liquidity,5D,1896,5,sentiment_unified_sentiment_score|technical_drawdown_pct|technical_RSI14|technical_ATR14_pct|technical_ROC20_pct,0.1445728192386896,0.01628151961477442,0.016304622299007088,2.3102684232667592e-05,descriptive controlled association only; not predictive and not causal
liquidity_20d_change_negative_le_5,liquidity,20D,1896,5,sentiment_unified_sentiment_score|technical_drawdown_pct|technical_RSI14|technical_ATR14_pct|technical_ROC20_pct,-0.9773938206453451,0.08428514781491281,0.08456672811591426,0.0002815803010014495,descriptive controlled association only; not predictive and not causal
