feature_a,layer_a,feature_b,layer_b,observations,pearson_correlation,absolute_correlation
sentiment_unified_sentiment_score,sentiment,technical_drawdown_pct,technical,1916,0.32856274385156614,0.32856274385156614
sentiment_unified_sentiment_score,sentiment,technical_RSI14,technical,1902,0.564041643046389,0.564041643046389
sentiment_unified_sentiment_score,sentiment,technical_ATR14_pct,technical,1903,-0.5972156200277935,0.5972156200277935
sentiment_unified_sentiment_score,sentiment,technical_ROC20_pct,technical,1896,0.4684305492580504,0.4684305492580504
sentiment_unified_sentiment_score,sentiment,liq_NET_LIQUIDITY_PROXY_MILLIONS,liquidity,1916,-0.10328291477098317,0.10328291477098317
sentiment_unified_sentiment_score,sentiment,liquidity_20d_change_pct,liquidity,1896,-0.05393028702431656,0.05393028702431656
technical_drawdown_pct,technical,technical_RSI14,technical,1902,0.5109923060125849,0.5109923060125849
technical_drawdown_pct,technical,technical_ATR14_pct,technical,1903,-0.7313651918096797,0.7313651918096797
technical_drawdown_pct,technical,technical_ROC20_pct,technical,1896,0.43257553031956875,0.43257553031956875
technical_drawdown_pct,technical,liq_NET_LIQUIDITY_PROXY_MILLIONS,liquidity,1916,-0.1187118377334649,0.1187118377334649
technical_drawdown_pct,technical,liquidity_20d_change_pct,liquidity,1896,-0.1895918172007012,0.1895918172007012
technical_RSI14,technical,technical_ATR14_pct,technical,1902,-0.45196164916923054,0.45196164916923054
technical_RSI14,technical,technical_ROC20_pct,technical,1896,0.7286479826704559,0.7286479826704559
technical_RSI14,technical,liq_NET_LIQUIDITY_PROXY_MILLIONS,liquidity,1902,0.016618698450518787,0.016618698450518787
technical_RSI14,technical,liquidity_20d_change_pct,liquidity,1896,0.02167663342201876,0.02167663342201876
technical_ATR14_pct,technical,technical_ROC20_pct,technical,1896,-0.4481432599510855,0.4481432599510855
technical_ATR14_pct,technical,liq_NET_LIQUIDITY_PROXY_MILLIONS,liquidity,1903,0.014133458171471361,0.014133458171471361
technical_ATR14_pct,technical,liquidity_20d_change_pct,liquidity,1896,0.44794532087374594,0.44794532087374594
technical_ROC20_pct,technical,liq_NET_LIQUIDITY_PROXY_MILLIONS,liquidity,1896,0.03792570987944018,0.03792570987944018
technical_ROC20_pct,technical,liquidity_20d_change_pct,liquidity,1896,0.032568446065882294,0.032568446065882294
liq_NET_LIQUIDITY_PROXY_MILLIONS,liquidity,liquidity_20d_change_pct,liquidity,1896,-0.016089416397432083,0.016089416397432083
