historical_date,similarity_pct,comparable_features,core_feature_count,coverage_pct,fed_historical_available,key_differences,state_vector_version,analog_engine_version,pit_safe_selection,outcomes_used_in_selection
2025-09-11,76.8931,8,9,88.89,False,"economic_growth: hist=1.5598329955786616, current=-0.0507334623403759 | economic_inflation: hist=-0.0184961401602939, current=0.5394965511237497 | economic_labor: hist=-0.0317686710477259, current=-0.025407330640432",USV1.0,HAE1.0,True,False
2025-10-01,73.484,8,9,88.89,False,"economic_growth: hist=1.386632475029813, current=-0.0507334623403759 | sentiment: hist=67.77065527065527, current=50.78347578347579 | financial_stress: hist=-0.2774840933884968, current=0.0205748359334967",USV1.0,HAE1.0,True,False
2025-09-05,73.4733,8,9,88.89,False,"economic_growth: hist=1.5598329955786616, current=-0.0507334623403759 | economic_inflation: hist=-0.1319173451081682, current=0.5394965511237497 | sentiment: hist=60.9025234025234, current=50.78347578347579",USV1.0,HAE1.0,True,False
2025-09-26,72.1733,8,9,88.89,False,"economic_growth: hist=1.5598329955786616, current=-0.0507334623403759 | financial_stress: hist=-0.41726480466793, current=0.0205748359334967 | sentiment: hist=64.8046398046398, current=50.78347578347579",USV1.0,HAE1.0,True,False
2025-09-25,71.199,8,9,88.89,False,"economic_growth: hist=1.5598329955786616, current=-0.0507334623403759 | economic_inflation: hist=-0.0184961401602939, current=0.5394965511237497 | financial_stress: hist=-0.2946607076339234, current=0.0205748359334967",USV1.0,HAE1.0,True,False
2025-09-02,69.3997,8,9,88.89,False,"economic_growth: hist=1.5598329955786616, current=-0.0507334623403759 | economic_inflation: hist=-0.1319173451081682, current=0.5394965511237497 | financial_stress: hist=-0.363826437656041, current=0.0205748359334967",USV1.0,HAE1.0,True,False
2025-08-12,68.074,8,9,88.89,False,"economic_regime: hist=INFLATIONARY_GROWTH, current=MIXED | economic_growth: hist=1.6253333143866076, current=-0.0507334623403759 | economic_labor: hist=-0.0348780089396305, current=-0.025407330640432",USV1.0,HAE1.0,True,False
2025-08-29,66.4959,8,9,88.89,False,"economic_growth: hist=1.6253333143866076, current=-0.0507334623403759 | financial_stress: hist=-0.4847518323597365, current=0.0205748359334967 | economic_inflation: hist=-0.1319173451081682, current=0.5394965511237497",USV1.0,HAE1.0,True,False
2025-07-03,66.0695,8,9,88.89,False,"economic_labor: hist=0.0310960592935578, current=-0.025407330640432 | economic_growth: hist=-1.476931068100174, current=-0.0507334623403759 | economic_inflation: hist=0.0659629587261937, current=0.5394965511237497",USV1.0,HAE1.0,True,False
2025-08-01,64.2093,8,9,88.89,False,"economic_regime: hist=INFLATIONARY_GROWTH, current=MIXED | economic_growth: hist=1.6253333143866076, current=-0.0507334623403759 | economic_inflation: hist=0.9623088299299744, current=0.5394965511237497",USV1.0,HAE1.0,True,False
2025-07-15,62.7337,8,9,88.89,False,"economic_regime: hist=STAGFLATIONARY, current=MIXED | economic_labor: hist=0.0310960592935578, current=-0.025407330640432 | economic_growth: hist=-1.476931068100174, current=-0.0507334623403759",USV1.0,HAE1.0,True,False
2026-01-13,62.4562,8,9,88.89,False,"economic_labor: hist=0.0791506380026415, current=-0.025407330640432 | financial_stress: hist=-0.8241882447398405, current=0.0205748359334967 | sentiment: hist=87.86630036630038, current=50.78347578347579",USV1.0,HAE1.0,True,False
2025-07-30,62.3022,8,9,88.89,False,"economic_regime: hist=INFLATIONARY_GROWTH, current=MIXED | economic_labor: hist=0.0429251829284114, current=-0.025407330640432 | economic_growth: hist=1.263180897900859, current=-0.0507334623403759",USV1.0,HAE1.0,True,False
2025-06-27,60.9153,8,9,88.89,False,"technical: hist=BULLISH, current=STRONG_BULLISH | economic_labor: hist=0.0099398810616049, current=-0.025407330640432 | economic_growth: hist=-1.1616112758223234, current=-0.0507334623403759",USV1.0,HAE1.0,True,False
2025-08-28,60.8016,8,9,88.89,False,"economic_regime: hist=INFLATIONARY_GROWTH, current=MIXED | economic_growth: hist=1.6253333143866076, current=-0.0507334623403759 | financial_stress: hist=-0.4399473095849973, current=0.0205748359334967",USV1.0,HAE1.0,True,False
2025-03-28,58.9958,8,9,88.89,False,"technical: hist=BEARISH, current=STRONG_BULLISH | sentiment: hist=12.17948717948718, current=50.78347578347579 | economic_inflation: hist=-0.241362091886724, current=0.5394965511237497",USV1.0,HAE1.0,True,False
2025-04-01,58.2329,8,9,88.89,False,"technical: hist=BEARISH, current=STRONG_BULLISH | sentiment: hist=10.714285714285714, current=50.78347578347579 | economic_inflation: hist=-0.241362091886724, current=0.5394965511237497",USV1.0,HAE1.0,True,False
2025-07-31,57.831,8,9,88.89,False,"economic_regime: hist=INFLATIONARY_GROWTH, current=MIXED | economic_labor: hist=0.0429251829284114, current=-0.025407330640432 | economic_growth: hist=1.263180897900859, current=-0.0507334623403759",USV1.0,HAE1.0,True,False
2025-05-01,55.6697,8,9,88.89,False,"technical: hist=BEARISH, current=STRONG_BULLISH | sentiment: hist=10.866910866910864, current=50.78347578347579 | economic_growth: hist=-1.30737611130162, current=-0.0507334623403759",USV1.0,HAE1.0,True,False
2025-07-01,55.453,8,9,88.89,False,"technical: hist=BULLISH, current=STRONG_BULLISH | economic_labor: hist=0.0099398810616049, current=-0.025407330640432 | economic_growth: hist=-1.476931068100174, current=-0.0507334623403759",USV1.0,HAE1.0,True,False
2025-04-10,54.9587,8,9,88.89,False,"technical: hist=BEARISH, current=STRONG_BULLISH | sentiment: hist=8.221408221408224, current=50.78347578347579 | economic_inflation: hist=-0.1164331237791277, current=0.5394965511237497",USV1.0,HAE1.0,True,False
2025-04-24,53.7899,8,9,88.89,False,"technical: hist=BEARISH, current=STRONG_BULLISH | sentiment: hist=7.941595441595443, current=50.78347578347579 | financial_stress: hist=0.7584266015503663, current=0.0205748359334967",USV1.0,HAE1.0,True,False
2025-04-03,52.8531,8,9,88.89,False,"technical: hist=BEARISH, current=STRONG_BULLISH | sentiment: hist=11.772486772486772, current=50.78347578347579 | financial_stress: hist=0.6497752687581064, current=0.0205748359334967",USV1.0,HAE1.0,True,False
2025-03-27,51.9196,8,9,88.89,False,"technical: hist=BEARISH, current=STRONG_BULLISH | economic_regime: hist=STAGFLATIONARY, current=MIXED | sentiment: hist=12.332112332112333, current=50.78347578347579",USV1.0,HAE1.0,True,False
2025-04-30,51.4403,8,9,88.89,False,"technical: hist=BEARISH, current=STRONG_BULLISH | sentiment: hist=11.13146113146113, current=50.78347578347579 | economic_growth: hist=-1.3287598358275423, current=-0.0507334623403759",USV1.0,HAE1.0,True,False
2025-03-20,51.3086,8,9,88.89,False,"technical: hist=BEARISH, current=STRONG_BULLISH | economic_regime: hist=STAGFLATIONARY, current=MIXED | sentiment: hist=7.590557590557588, current=50.78347578347579",USV1.0,HAE1.0,True,False
2025-05-02,50.19,8,9,88.89,False,"technical: hist=BEARISH, current=STRONG_BULLISH | sentiment: hist=9.849409849409849, current=50.78347578347579 | economic_growth: hist=-1.30737611130162, current=-0.0507334623403759",USV1.0,HAE1.0,True,False
2025-04-17,49.0236,8,9,88.89,False,"technical: hist=STRONG_BEARISH, current=STRONG_BULLISH | financial_stress: hist=1.0940108783979063, current=0.0205748359334967 | sentiment: hist=9.57977207977209, current=50.78347578347579",USV1.0,HAE1.0,True,False
2025-03-13,48.9166,8,9,88.89,False,"technical: hist=BEARISH, current=STRONG_BULLISH | economic_regime: hist=STAGFLATIONARY, current=MIXED | sentiment: hist=8.938746438746445, current=50.78347578347579",USV1.0,HAE1.0,True,False
2025-02-07,48.4298,8,9,88.89,False,"economic_regime: hist=DISINFLATIONARY_SLOWDOWN, current=MIXED | financial_stress: hist=-1.1122202428698398, current=0.0205748359334967 | economic_labor: hist=0.0091288191018866, current=-0.025407330640432",USV1.0,HAE1.0,True,False
2025-02-06,48.3885,8,9,88.89,False,"economic_regime: hist=DISINFLATIONARY_SLOWDOWN, current=MIXED | economic_labor: hist=0.0202237873116578, current=-0.025407330640432 | financial_stress: hist=-1.239084440696757, current=0.0205748359334967",USV1.0,HAE1.0,True,False
2025-01-30,48.0328,8,9,88.89,False,"technical: hist=BULLISH, current=STRONG_BULLISH | economic_labor: hist=0.0407828150668911, current=-0.025407330640432 | financial_stress: hist=-1.2829325548743469, current=0.0205748359334967",USV1.0,HAE1.0,True,False
2025-04-04,47.2465,8,9,88.89,False,"technical: hist=BEARISH, current=STRONG_BULLISH | financial_stress: hist=1.5790792793492998, current=0.0205748359334967 | sentiment: hist=6.5425315425315445, current=50.78347578347579",USV1.0,HAE1.0,True,False
2025-05-15,46.777,8,9,88.89,False,"technical: hist=NEUTRAL, current=STRONG_BULLISH | economic_regime: hist=STAGFLATIONARY, current=MIXED | economic_labor: hist=0.0009317790150404, current=-0.025407330640432",USV1.0,HAE1.0,True,False
2025-05-08,45.142,8,9,88.89,False,"technical: hist=NEUTRAL, current=STRONG_BULLISH | economic_labor: hist=0.0118108375486769, current=-0.025407330640432 | sentiment: hist=10.454822954822951, current=50.78347578347579",USV1.0,HAE1.0,True,False
2025-03-12,45.0119,8,9,88.89,False,"technical: hist=BEARISH, current=STRONG_BULLISH | economic_regime: hist=STAGFLATIONARY, current=MIXED | sentiment: hist=8.67419617419618, current=50.78347578347579",USV1.0,HAE1.0,True,False
2025-03-07,43.274,8,9,88.89,False,"technical: hist=NEUTRAL, current=STRONG_BULLISH | economic_regime: hist=STAGFLATIONARY, current=MIXED | economic_labor: hist=-1.7809481678364436e-05, current=-0.025407330640432",USV1.0,HAE1.0,True,False
2025-01-23,42.9331,8,9,88.89,False,"economic_regime: hist=DISINFLATIONARY_GROWTH, current=MIXED | economic_labor: hist=0.0247169097825332, current=-0.025407330640432 | financial_stress: hist=-1.4448868920180868, current=0.0205748359334967",USV1.0,HAE1.0,True,False
2025-05-13,42.5858,8,9,88.89,False,"technical: hist=NEUTRAL, current=STRONG_BULLISH | economic_regime: hist=STAGFLATIONARY, current=MIXED | economic_labor: hist=0.0118108375486769, current=-0.025407330640432",USV1.0,HAE1.0,True,False
2025-06-26,42.1763,8,9,88.89,False,"technical: hist=BULLISH, current=STRONG_BULLISH | economic_regime: hist=DISINFLATIONARY_SLOWDOWN, current=MIXED | economic_inflation: hist=-1.228783482755852, current=0.5394965511237497",USV1.0,HAE1.0,True,False
2025-03-06,39.2592,8,9,88.89,False,"technical: hist=NEUTRAL, current=STRONG_BULLISH | economic_regime: hist=STAGFLATIONARY, current=MIXED | economic_labor: hist=0.033769510989315, current=-0.025407330640432",USV1.0,HAE1.0,True,False
2025-06-11,38.4691,8,9,88.89,False,"technical: hist=BULLISH, current=STRONG_BULLISH | economic_regime: hist=DISINFLATIONARY_SLOWDOWN, current=MIXED | economic_inflation: hist=-1.228783482755852, current=0.5394965511237497",USV1.0,HAE1.0,True,False
2025-03-03,37.9201,8,9,88.89,False,"technical: hist=NEUTRAL, current=STRONG_BULLISH | economic_regime: hist=STAGFLATIONARY, current=MIXED | economic_labor: hist=0.0009333847342749, current=-0.025407330640432",USV1.0,HAE1.0,True,False
2025-06-12,36.7583,8,9,88.89,False,"technical: hist=BULLISH, current=STRONG_BULLISH | economic_regime: hist=DISINFLATIONARY_SLOWDOWN, current=MIXED | economic_inflation: hist=-1.228783482755852, current=0.5394965511237497",USV1.0,HAE1.0,True,False
2025-06-02,36.7555,8,9,88.89,False,"technical: hist=BULLISH, current=STRONG_BULLISH | economic_regime: hist=DISINFLATIONARY_SLOWDOWN, current=MIXED | economic_inflation: hist=-0.6780651246546882, current=0.5394965511237497",USV1.0,HAE1.0,True,False
2025-02-28,36.3214,8,9,88.89,False,"technical: hist=NEUTRAL, current=STRONG_BULLISH | economic_regime: hist=STAGFLATIONARY, current=MIXED | financial_stress: hist=-0.8171801233826459, current=0.0205748359334967",USV1.0,HAE1.0,True,False
2025-01-08,35.7957,8,9,88.89,False,"technical: hist=NEUTRAL, current=STRONG_BULLISH | economic_regime: hist=DISINFLATIONARY_GROWTH, current=MIXED | financial_stress: hist=-1.0141870774441857, current=0.0205748359334967",USV1.0,HAE1.0,True,False
2025-05-30,35.7262,8,9,88.89,False,"technical: hist=NEUTRAL, current=STRONG_BULLISH | economic_regime: hist=DISINFLATIONARY_SLOWDOWN, current=MIXED | economic_inflation: hist=-0.6780651246546882, current=0.5394965511237497",USV1.0,HAE1.0,True,False
2025-06-05,35.6108,8,9,88.89,False,"technical: hist=BULLISH, current=STRONG_BULLISH | economic_regime: hist=DISINFLATIONARY_SLOWDOWN, current=MIXED | economic_inflation: hist=-0.6780651246546882, current=0.5394965511237497",USV1.0,HAE1.0,True,False
2025-01-03,35.4979,8,9,88.89,False,"technical: hist=NEUTRAL, current=STRONG_BULLISH | economic_regime: hist=DISINFLATIONARY_GROWTH, current=MIXED | financial_stress: hist=-0.923177490006631, current=0.0205748359334967",USV1.0,HAE1.0,True,False
2025-06-18,35.3274,8,9,88.89,False,"technical: hist=BULLISH, current=STRONG_BULLISH | economic_regime: hist=DISINFLATIONARY_SLOWDOWN, current=MIXED | economic_inflation: hist=-1.228783482755852, current=0.5394965511237497",USV1.0,HAE1.0,True,False
2025-06-06,35.2825,8,9,88.89,False,"technical: hist=BULLISH, current=STRONG_BULLISH | economic_regime: hist=DISINFLATIONARY_SLOWDOWN, current=MIXED | economic_inflation: hist=-0.6780651246546882, current=0.5394965511237497",USV1.0,HAE1.0,True,False
2025-02-03,33.5027,8,9,88.89,False,"technical: hist=BULLISH, current=STRONG_BULLISH | economic_regime: hist=DISINFLATIONARY_SLOWDOWN, current=MIXED | economic_labor: hist=0.0407828150668911, current=-0.025407330640432",USV1.0,HAE1.0,True,False
2025-01-10,32.7656,8,9,88.89,False,"technical: hist=NEUTRAL, current=STRONG_BULLISH | economic_regime: hist=DISINFLATIONARY_GROWTH, current=MIXED | economic_labor: hist=0.0231649725454008, current=-0.025407330640432",USV1.0,HAE1.0,True,False
2025-01-16,32.5236,8,9,88.89,False,"technical: hist=NEUTRAL, current=STRONG_BULLISH | economic_regime: hist=DISINFLATIONARY_GROWTH, current=MIXED | financial_stress: hist=-1.325861117175674, current=0.0205748359334967",USV1.0,HAE1.0,True,False
2025-01-15,30.6541,8,9,88.89,False,"technical: hist=NEUTRAL, current=STRONG_BULLISH | economic_regime: hist=DISINFLATIONARY_GROWTH, current=MIXED | economic_labor: hist=0.0231649725454008, current=-0.025407330640432",USV1.0,HAE1.0,True,False
