event_name,source_layer,event_layer,event_observations,minimum_for_basic_diagnostic,sample_adequacy,reliability_tier,eligible_for_descriptive_summary,eligible_for_inference,interpretation
breadth_negative_20d,Market Breadth Analyzer v1,breadth,58,10,ADEQUATE_FOR_DESCRIPTIVE_ANALYSIS,ADEQUATE,True,False,descriptive association only; not causal or predictive
breadth_positive_20d,Market Breadth Analyzer v1,breadth,62,10,ADEQUATE_FOR_DESCRIPTIVE_ANALYSIS,ADEQUATE,True,False,descriptive association only; not causal or predictive
vix_low,Research Context v1,stress,0,10,INSUFFICIENT,INSUFFICIENT,False,False,descriptive association only; not causal or predictive
vix_elevated,Research Context v1,stress,0,10,INSUFFICIENT,INSUFFICIENT,False,False,descriptive association only; not causal or predictive
financial_stress_elevated,Research Context v1,stress,0,10,INSUFFICIENT,INSUFFICIENT,False,False,descriptive association only; not causal or predictive
sentiment_bearish,Sentiment Engine v1,sentiment,39,10,ADEQUATE_FOR_DESCRIPTIVE_ANALYSIS,ADEQUATE,True,False,descriptive association only; not causal or predictive
sentiment_bullish,Sentiment Engine v1,sentiment,50,10,ADEQUATE_FOR_DESCRIPTIVE_ANALYSIS,ADEQUATE,True,False,descriptive association only; not causal or predictive
technical_drawdown_ge_5,Technical Intelligence v1,technical,25,10,MODERATE,ADEQUATE,True,False,descriptive association only; not causal or predictive
technical_drawdown_ge_10,Technical Intelligence v1,technical,10,10,MODERATE,MODERATE,True,False,descriptive association only; not causal or predictive
liquidity_20d_change_positive_ge_5,Liquidity Intelligence v1,liquidity,9,10,LIMITED,LIMITED,False,False,descriptive association only; not causal or predictive
liquidity_20d_change_negative_le_5,Liquidity Intelligence v1,liquidity,13,10,MODERATE,MODERATE,True,False,descriptive association only; not causal or predictive
