evidence_id,module,pit_status,freshness_status,quality_status,availability_status,age_days,decision_engine_eligible,exclusion_reason
f7afdcbec1b97c99c1daa89e,ECONOMIC,PIT_SAFE,CURRENT,HIGH,AVAILABLE,22,True,
7c3a04c468e916a172b23398,ECONOMIC,PIT_SAFE,CURRENT,HIGH,AVAILABLE,22,True,
f69e08f0d4ffbfdc003e330b,ECONOMIC,PIT_SAFE,CURRENT,HIGH,AVAILABLE,22,True,
67cc82feb3a34c649be4da7c,ECONOMIC,PIT_SAFE,CURRENT,MEDIUM,AVAILABLE,14,True,
ce0b86a7817c7021b4e4115d,ECONOMIC,PIT_SAFE,CURRENT,MEDIUM,AVAILABLE,13,True,
a57058afb33e8f60d8e43d4c,ECONOMIC,PIT_SAFE,CURRENT,HIGH,AVAILABLE,13,True,
c5418acf0320e1b83a5344aa,ECONOMIC,PIT_SAFE,CURRENT,HIGH,AVAILABLE,13,True,
26caed78861ae1a9d73cadcf,ECONOMIC,PIT_SAFE,CURRENT,HIGH,AVAILABLE,8,True,
4afbadf37e8bedf6abd68b3f,ECONOMIC,PIT_SAFE,CURRENT,MEDIUM,AVAILABLE,7,True,
bd721c60138c644cf69174db,ECONOMIC,PIT_SAFE,CURRENT,MEDIUM,AVAILABLE,7,True,
56e2680425aff75af5e7fad1,ECONOMIC,PIT_SAFE,CURRENT,HIGH,AVAILABLE,6,True,
11974e7f260e39b3fe690ed9,ECONOMIC,PIT_SAFE,CURRENT,HIGH,AVAILABLE,6,True,
6ec44eb40e56916919babcb3,ECONOMIC,PIT_SAFE,CURRENT,MEDIUM,AVAILABLE,1,True,
782e425540750fa229ff456c,ECONOMIC,PIT_SAFE,CURRENT,HIGH,AVAILABLE,0,True,
26eaa7f1b4f75db394253460,FED,PIT_SAFE,CURRENT,HIGH,AVAILABLE,14,True,
abf8d1ad8c5cb2e144f0a3ab,FED,PIT_SAFE,CURRENT,HIGH,AVAILABLE,14,True,
e9ebc5120966dcbab64f57fd,FED,PIT_SAFE,CURRENT,HIGH,AVAILABLE,14,True,
6448c65c57b1c71e214c42e0,FED,PIT_SAFE,CURRENT,MEDIUM,AVAILABLE,14,True,
59ffb438e1eff0bca6daa0f4,FED,PIT_SAFE,CURRENT,MEDIUM,AVAILABLE,28,True,
04d438405586ae9bb0fdeadd,FINANCIAL_STRESS,PIT_SAFE,CURRENT,HIGH,AVAILABLE,0,True,
f0ae24911d3e10967e5c704e,LIQUIDITY,PIT_SAFE,CURRENT,MEDIUM,AVAILABLE,4,True,
b87c7b85dc472a8342a38748,LIQUIDITY,PIT_SAFE,CURRENT,MEDIUM,AVAILABLE,4,True,
1b78335d175faff7d741ddb8,LIQUIDITY,PIT_SAFE,CURRENT,MEDIUM,AVAILABLE,0,True,
6896264dd214e1fffcd2a559,LIQUIDITY,PIT_SAFE,CURRENT,MEDIUM,AVAILABLE,4,True,
1aebbaafeb21311eba22df34,LIQUIDITY,PIT_SAFE,CURRENT,MEDIUM,AVAILABLE,0,True,
e311516e4d8df9460b463e22,LIQUIDITY,PIT_SAFE,CURRENT,MEDIUM,AVAILABLE,0,True,
402c148b93d4269e99272db9,SENTIMENT_AAII,PIT_SAFE,CURRENT,MEDIUM,AVAILABLE,5,True,
900076fa66a95bfaf8757c09,SENTIMENT_VIX,PIT_SAFE,CURRENT,MEDIUM,AVAILABLE,0,True,
68651c4536113bfbe6474fee,SENTIMENT_COT,PIT_SAFE,CURRENT,HIGH,AVAILABLE,8,True,
fcf1bb1509d1633f2fec49fd,SENTIMENT_COT,PIT_SAFE,CURRENT,HIGH,AVAILABLE,8,True,
3bcad3eb92d696d7d4a5ffbd,TECHNICAL,PIT_SAFE,CURRENT,MEDIUM,AVAILABLE,0,True,
4bf6adcc96a60340fea0bd27,TECHNICAL,PIT_SAFE,CURRENT,MEDIUM,AVAILABLE,0,True,
5860ee16647828ee9c7f7c72,TECHNICAL,PIT_SAFE,CURRENT,MEDIUM,AVAILABLE,0,True,
1591a707aea19fb164e78af8,MARKET_BREADTH,PIT_LIMITED,STALE,LOW,AVAILABLE,43,False,PIT_LIMITED_EVIDENCE
cff9d2f34d45e746e8f0837f,CROSS_ASSET,PIT_LIMITED,AGING,MEDIUM,AVAILABLE,5,False,PIT_LIMITED_EVIDENCE
11386ecc33a55f19fa2c3a9f,CROSS_ASSET,PIT_LIMITED,AGING,MEDIUM,AVAILABLE,5,False,PIT_LIMITED_EVIDENCE
6bf3398da09946a30126b2d3,CROSS_ASSET,PIT_LIMITED,AGING,MEDIUM,AVAILABLE,4,False,PIT_LIMITED_EVIDENCE
9aa43f2cf3e834dfc4aa3d1e,CROSS_ASSET,PIT_LIMITED,AGING,MEDIUM,AVAILABLE,4,False,PIT_LIMITED_EVIDENCE
ffa1695cf003807fe10449ba,CROSS_ASSET,PIT_LIMITED,AGING,MEDIUM,AVAILABLE,4,False,PIT_LIMITED_EVIDENCE
524f04893428c47c65c4dfbc,CROSS_ASSET,PIT_LIMITED,AGING,MEDIUM,AVAILABLE,4,False,PIT_LIMITED_EVIDENCE
0e576904f7392af8ad5a76c2,CROSS_ASSET,PIT_LIMITED,AGING,MEDIUM,AVAILABLE,4,False,PIT_LIMITED_EVIDENCE
a96810864108ebf5cc0b55b8,CROSS_ASSET,PIT_LIMITED,AGING,MEDIUM,AVAILABLE,4,False,PIT_LIMITED_EVIDENCE
