evidence_id,module,dimension,indicator,state,direction,value,unit,observation_date,release_date,available_at,as_of_date,source_name,source_type,source_artifact,pit_status,freshness_status,quality_status,availability_status,age_days,expected_frequency,expected_next_release,included_in_synthesis,decision_engine_eligible,exclusion_reason,research_only,limitations
f7afdcbec1b97c99c1daa89e,ECONOMIC,ECONOMIC,CORE_PCE,,,0.2,,July 2026,2026-08-26,2026-08-26,2026-09-17,U.S. Bureau of Economic Analysis — Personal Income and Outlays,PUBLISHED_ARTIFACT,economic_surprise_engine_v1.csv,PIT_SAFE,CURRENT,HIGH,AVAILABLE,22,MONTHLY,2026-10-10,True,True,,True,
7c3a04c468e916a172b23398,ECONOMIC,ECONOMIC,GDP,,,1.5,,Q2 2026 — Second Estimate,2026-08-26,2026-08-26,2026-09-17,U.S. Bureau of Economic Analysis — GDP Second Estimate,PUBLISHED_ARTIFACT,economic_surprise_engine_v1.csv,PIT_SAFE,CURRENT,HIGH,AVAILABLE,22,MONTHLY,2026-10-10,True,True,,True,
f69e08f0d4ffbfdc003e330b,ECONOMIC,ECONOMIC,PCE_PRICE_INDEX,,,0.2,,July 2026,2026-08-26,2026-08-26,2026-09-17,U.S. Bureau of Economic Analysis — Personal Income and Outlays,PUBLISHED_ARTIFACT,economic_surprise_engine_v1.csv,PIT_SAFE,CURRENT,HIGH,AVAILABLE,22,MONTHLY,2026-10-10,True,True,,True,
67cc82feb3a34c649be4da7c,ECONOMIC,ECONOMIC,ISM_SERVICES_PMI,,,55.4,,August 2026,2026-09-03,2026-09-03,2026-09-17,Institute for Supply Management — Services PMI Report,PUBLISHED_ARTIFACT,economic_surprise_engine_v1.csv,PIT_SAFE,CURRENT,MEDIUM,AVAILABLE,14,MONTHLY,2026-10-18,True,True,,True,INSUFFICIENT_HISTORY
ce0b86a7817c7021b4e4115d,ECONOMIC,ECONOMIC,AVERAGE_HOURLY_EARNINGS,,,0.3,,August 2026,2026-09-04,2026-09-04,2026-09-17,U.S. Bureau of Labor Statistics — Employment Situation,PUBLISHED_ARTIFACT,economic_surprise_engine_v1.csv,PIT_SAFE,CURRENT,MEDIUM,AVAILABLE,13,MONTHLY,2026-10-19,True,True,,True,INSUFFICIENT_HISTORY
a57058afb33e8f60d8e43d4c,ECONOMIC,ECONOMIC,NFP,,,162000.0,,August 2026,2026-09-04,2026-09-04,2026-09-17,U.S. Bureau of Labor Statistics — Employment Situation,PUBLISHED_ARTIFACT,economic_surprise_engine_v1.csv,PIT_SAFE,CURRENT,HIGH,AVAILABLE,13,MONTHLY,2026-10-19,True,True,,True,
c5418acf0320e1b83a5344aa,ECONOMIC,ECONOMIC,UNEMPLOYMENT_RATE,,,4.1,,August 2026,2026-09-04,2026-09-04,2026-09-17,U.S. Bureau of Labor Statistics — Employment Situation,PUBLISHED_ARTIFACT,economic_surprise_engine_v1.csv,PIT_SAFE,CURRENT,HIGH,AVAILABLE,13,MONTHLY,2026-10-19,True,True,,True,
26caed78861ae1a9d73cadcf,ECONOMIC,ECONOMIC,ISM_MANUFACTURING_PMI,,,54.6,,August 2026,2026-09-09,2026-09-09,2026-09-17,Institute for Supply Management — Manufacturing PMI Report,PUBLISHED_ARTIFACT,economic_surprise_engine_v1.csv,PIT_SAFE,CURRENT,HIGH,AVAILABLE,8,MONTHLY,2026-10-24,True,True,,True,
4afbadf37e8bedf6abd68b3f,ECONOMIC,ECONOMIC,CORE_PPI,,,0.3,,August 2026,2026-09-10,2026-09-10,2026-09-17,U.S. Bureau of Labor Statistics — Producer Price Index,PUBLISHED_ARTIFACT,economic_surprise_engine_v1.csv,PIT_SAFE,CURRENT,MEDIUM,AVAILABLE,7,MONTHLY,2026-10-25,True,True,,True,INSUFFICIENT_HISTORY
bd721c60138c644cf69174db,ECONOMIC,ECONOMIC,PPI_FINAL_DEMAND,,,0.4,,August 2026,2026-09-10,2026-09-10,2026-09-17,U.S. Bureau of Labor Statistics — Producer Price Index,PUBLISHED_ARTIFACT,economic_surprise_engine_v1.csv,PIT_SAFE,CURRENT,MEDIUM,AVAILABLE,7,MONTHLY,2026-10-25,True,True,,True,INSUFFICIENT_HISTORY
56e2680425aff75af5e7fad1,ECONOMIC,ECONOMIC,CORE_CPI,,,0.3,,August 2026,2026-09-11,2026-09-11,2026-09-17,U.S. Bureau of Labor Statistics — CPI News Release,PUBLISHED_ARTIFACT,economic_surprise_engine_v1.csv,PIT_SAFE,CURRENT,HIGH,AVAILABLE,6,MONTHLY,2026-10-26,True,True,,True,
11974e7f260e39b3fe690ed9,ECONOMIC,ECONOMIC,CPI,,,0.4,,August 2026,2026-09-11,2026-09-11,2026-09-17,U.S. Bureau of Labor Statistics — CPI News Release,PUBLISHED_ARTIFACT,economic_surprise_engine_v1.csv,PIT_SAFE,CURRENT,HIGH,AVAILABLE,6,MONTHLY,2026-10-26,True,True,,True,
6ec44eb40e56916919babcb3,ECONOMIC,ECONOMIC,RETAIL_SALES,,,1.2,,August 2026,2026-09-16,2026-09-16,2026-09-17,U.S. Census Bureau — Advance Monthly Sales for Retail and Food Services,PUBLISHED_ARTIFACT,economic_surprise_engine_v1.csv,PIT_SAFE,CURRENT,MEDIUM,AVAILABLE,1,MONTHLY,2026-10-31,True,True,,True,INSUFFICIENT_HISTORY
782e425540750fa229ff456c,ECONOMIC,ECONOMIC,INITIAL_JOBLESS_CLAIMS,,,196000.0,,"Week ending September 12, 2026",2026-09-17,2026-09-17,2026-09-17,U.S. Department of Labor — Unemployment Insurance Weekly Claims Report,PUBLISHED_ARTIFACT,economic_surprise_engine_v1.csv,PIT_SAFE,CURRENT,HIGH,AVAILABLE,0,MONTHLY,2026-11-01,True,True,,True,
26eaa7f1b4f75db394253460,FED,FED,FOMC Statement,NEUTRAL,,,,2026-09-16,2026-09-16,2026-09-16,2026-09-30,Federal Reserve,PUBLISHED_ARTIFACT,fed_intelligence_output_v1.json,PIT_SAFE,CURRENT,HIGH,AVAILABLE,14,EVENT_DRIVEN,2026-12-15,True,True,,True,
abf8d1ad8c5cb2e144f0a3ab,FED,FED,Press Conference,NEUTRAL,,,,2026-09-16,2026-09-16,2026-09-16,2026-09-30,Federal Reserve,PUBLISHED_ARTIFACT,fed_intelligence_output_v1.json,PIT_SAFE,CURRENT,HIGH,AVAILABLE,14,EVENT_DRIVEN,2026-12-15,True,True,,True,
e9ebc5120966dcbab64f57fd,FED,FED,FOMC Minutes,HAWKISH,,,,2026-09-16,2026-09-16,2026-09-16,2026-09-30,Federal Reserve,PUBLISHED_ARTIFACT,fed_intelligence_output_v1.json,PIT_SAFE,CURRENT,HIGH,AVAILABLE,14,EVENT_DRIVEN,2026-12-15,True,True,,True,
6448c65c57b1c71e214c42e0,FED,FED,Summary of Economic Projections,HAWKISH SHIFT,,,,2026-09-16,2026-09-16,2026-09-16,2026-09-30,Federal Reserve,PUBLISHED_ARTIFACT,fed_intelligence_output_v1.json,PIT_SAFE,CURRENT,MEDIUM,AVAILABLE,14,QUARTERLY,2027-01-14,True,True,,True,DIRECTIONAL_COMPARISON_NOT_POLICY_PROBABILITY
59ffb438e1eff0bca6daa0f4,FED,FED,Beige Book,NEUTRAL,,,,2026-08-01,2026-09-02,2026-09-02,2026-09-30,Federal Reserve,PUBLISHED_ARTIFACT,fed_intelligence_output_v1.json,PIT_SAFE,CURRENT,MEDIUM,AVAILABLE,28,EVENT_DRIVEN,2026-12-01,True,True,,True,CONTEXTUAL_ONLY;QUALITY_GATE=DEGRADED
04d438405586ae9bb0fdeadd,FINANCIAL_STRESS,STRESS,Composite Stress,LOW_RESEARCH_STRESS,,-0.3341955301667191,z-score composite,2026-09-30,,2026-09-30,2026-09-30,Published stress research,PUBLISHED_ARTIFACT,financial_stress_research_v1.csv,PIT_SAFE,CURRENT,HIGH,AVAILABLE,0,DAILY,2026-10-03,True,True,,True,
f0ae24911d3e10967e5c704e,LIQUIDITY,LIQUIDITY,FED_TOTAL_ASSETS,,SUPPORTIVE_IF_RISING,6746548.0,,2026-09-16,,2026-09-17,2026-09-21,Published liquidity research,PUBLISHED_ARTIFACT,liquidity_intelligence_research_v1.csv,PIT_SAFE,CURRENT,MEDIUM,AVAILABLE,4,WEEKLY,2026-09-27,True,True,,True,Research availability proxy; age_days=4.0; fresh=True; exact publication timestamp not represented
b87c7b85dc472a8342a38748,LIQUIDITY,LIQUIDITY,TREASURY_GENERAL_ACCOUNT,,RESTRICTIVE_IF_RISING,877028.0,,2026-09-16,,2026-09-17,2026-09-21,Published liquidity research,PUBLISHED_ARTIFACT,liquidity_intelligence_research_v1.csv,PIT_SAFE,CURRENT,MEDIUM,AVAILABLE,4,WEEKLY,2026-09-27,True,True,,True,Research availability proxy; age_days=4.0; fresh=True; exact publication timestamp not represented
1b78335d175faff7d741ddb8,LIQUIDITY,LIQUIDITY,ON_RRP,,RESTRICTIVE_IF_RISING,0.582,,2026-09-21,,2026-09-21,2026-09-21,Published liquidity research,PUBLISHED_ARTIFACT,liquidity_intelligence_research_v1.csv,PIT_SAFE,CURRENT,MEDIUM,AVAILABLE,0,DAILY,2026-09-24,True,True,,True,Research availability proxy; age_days=0; fresh=True; exact publication timestamp not represented
6896264dd214e1fffcd2a559,LIQUIDITY,LIQUIDITY,RESERVE_BALANCES,,SUPPORTIVE_IF_RISING,3013794.0,,2026-09-16,,2026-09-17,2026-09-21,Published liquidity research,PUBLISHED_ARTIFACT,liquidity_intelligence_research_v1.csv,PIT_SAFE,CURRENT,MEDIUM,AVAILABLE,4,WEEKLY,2026-09-27,True,True,,True,Research availability proxy; age_days=4.0; fresh=True; exact publication timestamp not represented
1aebbaafeb21311eba22df34,LIQUIDITY,LIQUIDITY,EFFR,,CONTEXT,3.88,,2026-09-18,,2026-09-21,2026-09-21,Published liquidity research,PUBLISHED_ARTIFACT,liquidity_intelligence_research_v1.csv,PIT_SAFE,CURRENT,MEDIUM,AVAILABLE,0,DAILY,2026-09-24,True,True,,True,Research availability proxy; age_days=0.0; fresh=True; exact publication timestamp not represented
e311516e4d8df9460b463e22,LIQUIDITY,LIQUIDITY,SOFR,,CONTEXT,3.85,,2026-09-18,,2026-09-21,2026-09-21,Published liquidity research,PUBLISHED_ARTIFACT,liquidity_intelligence_research_v1.csv,PIT_SAFE,CURRENT,MEDIUM,AVAILABLE,0,DAILY,2026-09-24,True,True,,True,Research availability proxy; age_days=0.0; fresh=True; exact publication timestamp not represented
402c148b93d4269e99272db9,SENTIMENT_AAII,SENTIMENT,AAII,BEARISH,,,,2026-09-24,,2026-09-25,2026-09-30,AAII Investor Sentiment Survey,PUBLISHED_ARTIFACT,aaii_sentiment_research_v1.csv,PIT_SAFE,CURRENT,MEDIUM,AVAILABLE,5,WEEKLY,2026-10-05,True,True,,True,conservative_proxy_publication_thursday_after_survey_week
900076fa66a95bfaf8757c09,SENTIMENT_VIX,SENTIMENT,VIX,NEUTRAL,,,,2026-09-29,,2026-09-30,2026-09-30,Cboe Global Markets,PUBLISHED_ARTIFACT,vix_sentiment_research_v1.csv,PIT_SAFE,CURRENT,MEDIUM,AVAILABLE,0,DAILY,2026-10-03,True,True,,True,Conservative +1 calendar-day availability proxy after VIX observation date; not exact historical publication timestamp.
68651c4536113bfbe6474fee,SENTIMENT_COT,SENTIMENT,COT Asset Manager,LOW,,,,2026-09-15,,2026-09-22,2026-09-30,CFTC COT,PUBLISHED_ARTIFACT,cot_positioning_research_v1.csv,PIT_SAFE,CURRENT,HIGH,AVAILABLE,8,WEEKLY,2026-10-02,True,True,,True,
fcf1bb1509d1633f2fec49fd,SENTIMENT_COT,SENTIMENT,COT Leveraged Money,HIGH,,,,2026-09-15,,2026-09-22,2026-09-30,CFTC COT,PUBLISHED_ARTIFACT,cot_positioning_research_v1.csv,PIT_SAFE,CURRENT,HIGH,AVAILABLE,8,WEEKLY,2026-10-02,True,True,,True,
3bcad3eb92d696d7d4a5ffbd,TECHNICAL,TREND,Trend Structure,BULLISH_STRUCTURE,,7670.83984375,index,2026-09-29,,2026-09-30,2026-09-30,Yahoo Finance via yfinance,PUBLISHED_ARTIFACT,technical_intelligence_research_v1.csv,PIT_SAFE,CURRENT,MEDIUM,AVAILABLE,0,DAILY,2026-10-03,True,True,,True,Conservative +1 calendar-day research-safe availability proxy; not exact historical publication timestamp
4bf6adcc96a60340fea0bd27,TECHNICAL,MOMENTUM,RSI14,,,49.87725123354053,index,2026-09-29,,2026-09-30,2026-09-30,Yahoo Finance via yfinance,PUBLISHED_ARTIFACT,technical_intelligence_research_v1.csv,PIT_SAFE,CURRENT,MEDIUM,AVAILABLE,0,DAILY,2026-10-03,True,True,,True,Conservative +1 calendar-day research-safe availability proxy; not exact historical publication timestamp
5860ee16647828ee9c7f7c72,TECHNICAL,RISK_VOLATILITY,Realized Volatility 20D,,,11.062381136015295,%,2026-09-29,,2026-09-30,2026-09-30,Yahoo Finance via yfinance,PUBLISHED_ARTIFACT,technical_intelligence_research_v1.csv,PIT_SAFE,CURRENT,MEDIUM,AVAILABLE,0,DAILY,2026-10-03,True,True,,True,Conservative +1 calendar-day research-safe availability proxy; not exact historical publication timestamp
1591a707aea19fb164e78af8,MARKET_BREADTH,BREADTH,Breadth State,POSITIVE_BREADTH,,100.0,coverage %,2026-08-18,,2026-08-18,2026-09-30,FREE_PUBLIC_RECONSTRUCTION,PUBLISHED_ARTIFACT,market_breadth_analysis_v1.csv,PIT_LIMITED,STALE,LOW,AVAILABLE,43,DAILY,2026-08-21,False,False,PIT_LIMITED_EVIDENCE,True,Historical constituent membership is a free-public reconstruction; pit_perfect=false; membership_quality=RESEARCH_GRADE; price_pit_perfect=false
cff9d2f34d45e746e8f0837f,CROSS_ASSET,CROSS_ASSET,SP500,,,7704.1298828125,,2026-09-24,,2026-09-25,2026-09-30,Yahoo Finance via yfinance,PUBLISHED_ARTIFACT,cross_asset_research_v1.csv,PIT_LIMITED,AGING,MEDIUM,AVAILABLE,5,DAILY,2026-09-28,False,False,PIT_LIMITED_EVIDENCE,True,Calendar-day availability proxy only; exchange/session-aware availability is not represented. No cross-session forward-fill.
11386ecc33a55f19fa2c3a9f,CROSS_ASSET,CROSS_ASSET,NASDAQ,,,26939.369140625,,2026-09-24,,2026-09-25,2026-09-30,Yahoo Finance via yfinance,PUBLISHED_ARTIFACT,cross_asset_research_v1.csv,PIT_LIMITED,AGING,MEDIUM,AVAILABLE,5,DAILY,2026-09-28,False,False,PIT_LIMITED_EVIDENCE,True,Calendar-day availability proxy only; exchange/session-aware availability is not represented. No cross-session forward-fill.
6bf3398da09946a30126b2d3,CROSS_ASSET,CROSS_ASSET,GOLD,,,4327.2001953125,,2026-09-25,,2026-09-26,2026-09-30,Yahoo Finance via yfinance,PUBLISHED_ARTIFACT,cross_asset_research_v1.csv,PIT_LIMITED,AGING,MEDIUM,AVAILABLE,4,DAILY,2026-09-29,False,False,PIT_LIMITED_EVIDENCE,True,Calendar-day availability proxy only; exchange/session-aware availability is not represented. No cross-session forward-fill.
9aa43f2cf3e834dfc4aa3d1e,CROSS_ASSET,CROSS_ASSET,DXY,,,100.96499633789062,,2026-09-25,,2026-09-26,2026-09-30,Yahoo Finance via yfinance,PUBLISHED_ARTIFACT,cross_asset_research_v1.csv,PIT_LIMITED,AGING,MEDIUM,AVAILABLE,4,DAILY,2026-09-29,False,False,PIT_LIMITED_EVIDENCE,True,Calendar-day availability proxy only; exchange/session-aware availability is not represented. No cross-session forward-fill.
ffa1695cf003807fe10449ba,CROSS_ASSET,CROSS_ASSET,VIX,,,15.170000076293944,,2026-09-25,,2026-09-26,2026-09-30,Yahoo Finance via yfinance,PUBLISHED_ARTIFACT,cross_asset_research_v1.csv,PIT_LIMITED,AGING,MEDIUM,AVAILABLE,4,DAILY,2026-09-29,False,False,PIT_LIMITED_EVIDENCE,True,Calendar-day availability proxy only; exchange/session-aware availability is not represented. No cross-session forward-fill.
524f04893428c47c65c4dfbc,CROSS_ASSET,CROSS_ASSET,US10Y,,,5.171000003814697,,2026-09-25,,2026-09-26,2026-09-30,Yahoo Finance via yfinance,PUBLISHED_ARTIFACT,cross_asset_research_v1.csv,PIT_LIMITED,AGING,MEDIUM,AVAILABLE,4,DAILY,2026-09-29,False,False,PIT_LIMITED_EVIDENCE,True,Calendar-day availability proxy only; exchange/session-aware availability is not represented. No cross-session forward-fill.
0e576904f7392af8ad5a76c2,CROSS_ASSET,CROSS_ASSET,WTI,,,92.79000091552734,,2026-09-25,,2026-09-26,2026-09-30,Yahoo Finance via yfinance,PUBLISHED_ARTIFACT,cross_asset_research_v1.csv,PIT_LIMITED,AGING,MEDIUM,AVAILABLE,4,DAILY,2026-09-29,False,False,PIT_LIMITED_EVIDENCE,True,Calendar-day availability proxy only; exchange/session-aware availability is not represented. No cross-session forward-fill.
a96810864108ebf5cc0b55b8,CROSS_ASSET,CROSS_ASSET,BITCOIN,,,84197.0390625,,2026-09-25,,2026-09-26,2026-09-30,Yahoo Finance via yfinance,PUBLISHED_ARTIFACT,cross_asset_research_v1.csv,PIT_LIMITED,AGING,MEDIUM,AVAILABLE,4,DAILY,2026-09-29,False,False,PIT_LIMITED_EVIDENCE,True,Calendar-day availability proxy only; exchange/session-aware availability is not represented. No cross-session forward-fill.
