state_vector_version,context_date,feature,module,role,value,state,as_of,available_at,age_days,freshness,pit_status,quality,eligible,source,notes
USV1.0,2026-10-10,economic_inflation,ECONOMIC,CORE,0.5394965511237497,MIXED,2026-10-10,2026-10-10,28,CURRENT,PIT_SAFE,MEDIUM,True,research_context_summary_v1.csv,
USV1.0,2026-10-10,economic_labor,ECONOMIC,CORE,-0.0246016158557906,MIXED,2026-10-10,2026-10-10,28,CURRENT,PIT_SAFE,MEDIUM,True,research_context_summary_v1.csv,
USV1.0,2026-10-10,economic_growth,ECONOMIC,CORE,-0.0507334623403759,MIXED,2026-10-10,2026-10-10,28,CURRENT,PIT_SAFE,MEDIUM,True,research_context_summary_v1.csv,
USV1.0,2026-10-10,economic_regime,ECONOMIC,CORE,,MIXED,2026-10-10,2026-10-10,28,CURRENT,PIT_SAFE,MEDIUM,True,research_context_summary_v1.csv,
USV1.0,2026-10-10,fed_stance,FED,CORE,60.2,MODERATELY HAWKISH,2026-10-10,2026-10-10,38,CURRENT,PIT_SAFE,MEDIUM,True,fed_intelligence_output_v1.json,Independent Fed feature; legacy Macro Fed field intentionally not duplicated.
USV1.0,2026-10-10,financial_stress,FINANCIAL_STRESS,CORE,0.0230694261818201,ELEVATED_RESEARCH_STRESS,2026-10-10,2026-10-10,0,CURRENT,PIT_SAFE,HIGH,True,research_context_summary_v1.csv,
USV1.0,2026-10-10,liquidity_coverage,LIQUIDITY,CORE,8.0,8/8_ELIGIBLE,2026-09-21,2026-09-21,4,CURRENT,PIT_SAFE,MEDIUM,True,liquidity_intelligence_summary_v1.csv,No liquidity score generated; coverage only.
USV1.0,2026-10-10,sentiment,SENTIMENT,CORE,61.58933658933659,BULLISH,2026-10-10,2026-10-10,4,CURRENT,PIT_SAFE,MEDIUM,True,research_context_summary_v1.csv,
USV1.0,2026-10-10,technical,TECHNICAL,CORE,,STRONG_BULLISH,2026-10-10,2026-10-10,0,CURRENT,PIT_SAFE,MEDIUM,True,research_context_summary_v1.csv,
USV1.0,2026-10-10,market_breadth,MARKET_BREADTH,CONTEXTUAL,,POSITIVE_BREADTH,2026-08-18,2026-08-18,53,STALE,PIT_LIMITED,LOW,False,market_breadth_analysis_summary_v1.json,Research-grade reconstructed membership; not PIT-perfect.
USV1.0,2026-10-10,cross_asset,CROSS_ASSET,CONTEXTUAL,,AVAILABLE,2026-10-10,2026-10-10,0,CURRENT,PIT_LIMITED,MEDIUM,False,cross_asset_summary_v1.json,PIT_LIMITED; session-aware timestamps unavailable.
USV1.0,2026-10-10,event_news,EVENT_NEWS,CONTEXTUAL,,CONTEXTUAL,2026-10-09,2026-10-09,1,CURRENT,PIT_SAFE_BY_PUBLICATION_TIME,ELIGIBLE,False,decision_engine_evidence_registry_v2.csv,98 official items; 46 high-relevance; 5 duplicates flagged.
USV1.0,2026-10-10,earnings,EARNINGS,CONTEXTUAL,,CONTEXTUAL,2026-08-26,2026-08-26,45,STALE,PIT_LIMITED,DEGRADED,False,decision_engine_evidence_registry_v2.csv,1203 historical earnings events; post-event reactions are horizon-dependent and excluded from contemporaneous state.
